Player,Span,Mat,Inns,Overs,Mdns,Runs,Wkts,BBI,Ave,Econ,SR,4,5
Shahid Afridi (PAK),2006-2016,98,96,357.2,4,2362,97,4/11,24.35,6.61,22.1,3,0
Saeed Ajmal (PAK),2009-2015,64,63,238.2,2,1516,85,4/19,17.83,6.36,16.8,4,0
Umar Gul (PAK),2007-2016,60,60,200.3,2,1443,85,5/6,16.97,7.19,14.1,4,2
SL Malinga (SL),2006-2016,62,62,217.5,0,1582,78,5/31,20.28,7.26,16.7,1,1
BAW Mendis (SL),2008-2014,39,39,147.3,5,952,66,6/8,14.42,6.45,13.4,3,2
SCJ Broad (ENG),2006-2014,56,55,195.3,2,1491,65,4/24,22.93,7.62,18,1,0
Shakib Al Hasan (BDESH),2006-2016,54,53,195.5,1,1322,65,4/15,20.33,6.75,18,3,0
NL McCullum (NZ),2007-2016,63,59,187.1,0,1278,58,4/16,22.03,6.82,19.3,2,0
DW Steyn (SA),2007-2016,42,42,150.1,2,1009,58,4/9,17.39,6.71,15.5,2,0
KMDN Kulasekara (SL),2008-2016,50,50,176.1,6,1280,56,4/32,22.85,7.26,18.8,1,0
R Ashwin (INDIA),2010-2016,45,45,167,2,1154,52,4/8,22.19,6.91,19.2,2,0
DJ Bravo (WI),2006-2016,66,56,173.4,0,1470,52,4/28,28.26,8.46,20,2,0
Sohail Tanvir (PAK),2007-2016,54,54,191.2,3,1364,52,3/12,26.23,7.12,22,0,0
GP Swann (ENG),2008-2012,39,38,135,4,859,51,3/13,16.84,6.36,15.8,0,0
GH Dockrell (IRE),2010-2016,39,35,116.4,1,730,48,4/20,15.2,6.25,14.5,1,0
SR Watson (AUS),2006-2016,58,49,155,2,1187,48,4/15,24.72,7.65,19.3,1,0
Mohammad Nabi (AFG),2010-2016,45,45,163,5,1126,47,4/17,23.95,6.9,20.8,2,0
Mohammad Hafeez (PAK),2006-2016,77,57,167.2,1,1120,46,4/10,24.34,6.69,21.8,1,0
KJ O'Brien (IRE),2008-2016,52,39,118.3,0,789,46,3/8,17.15,6.65,15.4,0,0
TG Southee (NZ),2008-2015,38,37,137,2,1182,46,5/18,25.69,8.62,17.8,0,1
M Morkel (SA),2007-2015,39,39,138.4,3,1022,45,4/17,22.71,7.37,18.4,2,0
Abdur Razzak (BDESH),2006-2014,34,33,121.4,4,838,44,4/16,19.04,6.88,16.5,1,0
DJG Sammy (WI),2007-2016,66,57,146.4,0,1068,44,5/26,24.27,7.28,20,1,1
Ahsan Malik (Neth),2012-2016,28,26,86.5,1,637,43,5/19,14.81,7.33,12.1,1,1
Mudassar Bukhari (Neth),2008-2016,38,35,117.2,4,780,43,4/7,18.13,6.64,16.3,3,0
Imran Tahir (SA),2013-2016,27,27,102,0,661,43,4/21,15.37,6.48,14.2,2,0
KD Mills (NZ),2005-2014,42,42,149.3,1,1228,43,3/26,28.55,8.21,20.8,0,0
S Badree (WI),2012-2016,32,32,120,3,671,42,4/15,15.97,5.59,17.1,1,0
SP Narine (WI),2012-2016,39,37,138.4,1,838,40,4/12,20.95,6.04,20.8,1,0
Al-Amin Hossain (BDESH),2013-2016,25,23,79.2,0,592,39,3/20,15.17,7.46,12.2,0,0
JW Dernbach (ENG),2011-2014,34,33,117,1,1020,39,4/22,26.15,8.71,18,1,0
MG Johnson (AUS),2007-2013,30,30,109.2,2,797,38,3/15,20.97,7.28,17.2,0,0
Mashrafe Mortaza (BDESH),2006-2016,49,48,171.3,1,1363,38,4/19,35.86,7.94,27,1,0
WD Parnell (SA),2009-2015,35,34,110.5,3,891,38,4/13,23.44,8.03,17.5,1,0
DL Vettori (NZ),2007-2014,34,34,131.1,1,748,38,4/20,19.68,5.7,20.7,1,0
J Botha (SA),2006-2012,40,39,129,1,823,37,3/16,22.24,6.37,20.9,0,0
AD Mathews (SL),2009-2016,66,52,149.1,4,993,36,3/16,27.58,6.65,24.8,0,0
AR Cusack (IRE),2008-2015,37,33,101,3,714,35,4/11,20.4,7.06,17.3,3,0
Dawlat Zadran (AFG),2012-2016,29,29,106,2,806,35,3/17,23.02,7.6,18.1,0,0
NLTC Perera (SL),2010-2016,54,43,111.2,1,1003,35,3/33,28.65,9,19,0,0
Mohammad Amir (PAK),2009-2016,31,31,115,5,809,34,3/18,23.79,7.03,20.2,0,0
AG Cremer (ZIM),2008-2016,27,26,89,1,622,33,3/11,18.84,6.98,16.1,0,0
Hamid Hassan (AFG),2010-2016,22,22,79.4,2,523,32,4/22,16.34,6.56,14.9,1,0
DT Johnston (IRE),2008-2013,30,28,99,5,636,32,4/22,19.87,6.42,18.5,1,0
JP Faulkner (AUS),2012-2016,21,21,74.5,0,605,31,5/27,19.51,8.08,14.4,0,1
RA Jadeja (INDIA),2009-2016,39,39,131.4,3,942,31,3/48,30.38,7.15,25.4,0,0
A Nehra (INDIA),2009-2016,23,23,84,1,646,31,3/19,20.83,7.69,16.2,0,0
MJ McClenaghan (NZ),2012-2016,28,28,98.2,2,758,30,3/17,25.26,7.7,19.6,0,0
MA Starc (AUS),2012-2016,22,22,83.3,1,566,30,3/11,18.86,6.77,16.7,0,0
R Rampaul (WI),2007-2015,23,23,82.5,1,705,29,3/16,24.31,8.51,17.1,0,0
JJ Bumrah (INDIA),2016-2016,21,21,79.3,4,527,28,3/11,18.82,6.62,17,0,0
RM Haq (SCOT),2007-2013,21,20,75,1,472,28,3/20,16.85,6.29,16,0,0
B Lee (AUS),2005-2012,25,25,90.5,0,714,28,3/23,25.5,7.86,19.4,0,0
DP Nannes (AUS/Neth),2009-2010,17,16,61,2,459,28,4/18,16.39,7.52,13,1,0
IK Pathan (INDIA),2006-2012,24,23,77,1,618,28,3/16,22.07,8.02,16.5,0,0
SW Tait (AUS),2007-2016,21,21,79.4,2,589,28,3/13,21.03,7.39,17,0,0
Yuvraj Singh (INDIA),2007-2016,55,31,70.4,0,499,28,3/17,17.82,7.06,15.1,0,0
HS Baidwan (Can),2008-2013,17,17,53.5,1,411,27,4/19,15.22,7.63,11.9,1,0
ST Finn (ENG),2011-2015,21,21,80,0,583,27,3/16,21.59,7.28,17.7,0,0
Samiullah Shenwari (AFG),2010-2016,43,35,101.4,0,643,27,5/13,23.81,6.32,22.5,1,1
KJ Abbott (SA),2013-2016,21,21,72.4,0,579,26,3/20,22.26,7.96,16.7,0,0
Aizaz Khan (HK),2014-2016,20,20,68,2,470,26,3/10,18.07,6.91,15.6,0,0
JA Morkel (SA),2005-2015,50,46,107.5,2,864,26,3/12,33.23,8.01,24.8,0,0
PM Seelaar (Neth),2008-2016,36,29,83,2,539,26,4/19,20.73,6.49,19.1,1,0
Shapoor Zadran (AFG),2010-2016,27,27,83,3,581,26,2/9,22.34,7,19.1,0,0
MC Sorensen (IRE),2012-2016,26,22,65,2,471,26,3/17,18.11,7.24,15,0,0
P Utseya (ZIM),2006-2015,35,35,124.5,2,858,26,3/25,33,6.87,28.8,0,0
RE van der Merwe (Neth/SA),2009-2016,21,20,68,0,466,26,2/3,17.92,6.85,15.6,0,0
SE Bond (NZ),2005-2010,20,20,77.3,2,543,25,3/18,21.72,7,18.6,0,0
Harbhajan Singh (INDIA),2006-2016,28,27,102,5,633,25,4/12,25.32,6.2,24.4,1,0
SMSM Senanayake (SL),2012-2016,24,23,81,0,549,25,4/46,21.96,6.77,19.4,1,0
Shoaib Malik (PAK),2006-2016,82,41,82,0,565,25,2/7,22.6,6.89,19.6,0,0
TT Bresnan (ENG),2006-2014,34,34,110.3,1,887,24,3/10,36.95,8.02,27.6,0,0
Haseeb Amjad (HK),2014-2016,18,18,61.2,3,453,24,4/16,18.87,7.38,15.3,1,0
RJ Peterson (SA),2006-2014,21,19,59.5,1,451,24,3/28,18.79,7.53,14.9,0,0
WB Rankin (ENG/IRE),2009-2016,22,21,76,1,464,24,3/17,19.33,6.1,19,0,0
JE Taylor (WI),2006-2016,23,23,75,2,614,24,3/6,25.58,8.18,18.7,0,0
Wahab Riaz (PAK),2008-2016,23,23,76.3,2,615,24,3/18,25.62,8.03,19.1,0,0
D Wiese (SA),2013-2016,20,20,65.2,0,497,24,5/23,20.7,7.6,16.3,0,1
IG Butler (NZ),2009-2013,19,18,59.4,1,481,23,3/19,20.91,8.06,15.5,0,0
KA Pollard (WI),2008-2016,50,34,78,0,642,23,3/30,27.91,8.23,20.3,0,0
RJ Sidebottom (ENG),2007-2010,18,18,61.1,0,437,23,3/16,19,7.14,15.9,0,0
T van der Gugten (Neth),2012-2016,22,21,65.5,0,446,23,3/18,19.39,6.77,17.1,0,0
Mustafizur Rahman (BDESH),2015-2016,13,13,51.2,0,307,22,5/22,13.95,5.98,14,0,1
Nadeem Ahmed (HK),2014-2016,21,21,70.3,3,455,22,4/21,20.68,6.45,19.2,1,0
SO Ngoche (Kenya),2010-2013,19,19,59.3,0,416,22,4/14,18.9,6.99,16.2,2,0
K Rabada (SA),2014-2016,16,16,60.2,0,498,22,3/30,22.63,8.25,16.4,0,0
SM Sharif (SCOT),2012-2016,20,19,62.2,0,485,22,4/24,22.04,7.78,17,1,0
AC Botha (IRE),2008-2010,14,10,34,0,184,21,3/14,8.76,5.41,9.7,0,0
NM Coulter-Nile (AUS),2013-2016,17,17,65,0,532,21,4/31,25.33,8.18,18.5,1,0
PJ Cummins (AUS),2011-2015,15,15,59,3,395,21,3/15,18.8,6.69,16.8,0,0
Imad Wasim (PAK),2015-2016,15,15,52,1,300,21,5/14,14.28,5.76,14.8,1,1
CJ Jordan (ENG),2014-2016,19,19,65,0,561,21,4/28,26.71,8.63,18.5,1,0
Mahmudullah (BDESH),2007-2016,53,36,87.1,2,617,21,2/5,29.38,7.07,24.9,0,0
AF Milne (NZ),2010-2016,18,18,62.1,1,458,21,4/37,21.8,7.36,17.7,1,0
Mohammad Sami (PAK),2010-2016,13,13,46,0,387,21,3/16,18.42,8.41,13.1,0,0
AD Russell (WI),2011-2016,43,36,85.1,0,787,21,2/10,37.47,9.24,24.3,0,0
Abdul Razzaq (PAK),2006-2013,32,22,56.3,2,395,20,3/13,19.75,6.99,16.9,0,0
Amjad Javed (UAE),2014-2016,15,15,48.2,0,375,20,3/25,18.75,7.75,14.5,0,0
JEC Franklin (NZ),2006-2013,38,26,54.3,0,417,20,4/15,20.85,7.65,16.3,1,0
T Panyangara (ZIM),2013-2016,14,14,50.3,1,398,20,4/37,19.9,7.88,15.1,1,0
Amir Hamza (AFG),2013-2016,19,19,63,2,442,19,3/39,23.26,7.01,19.8,0,0
NW Bracken (AUS),2006-2009,19,19,62.5,2,438,19,3/11,23.05,6.97,19.8,0,0
DJ Hussey (AUS),2008-2012,39,25,60.1,1,392,19,3/25,20.63,6.51,19,0,0
ST Jayasuriya (SL),2006-2011,31,24,61.5,0,456,19,3/21,24,7.37,19.5,0,0
Mohammad Naveed (UAE),2015-2016,14,14,52.4,3,304,19,3/14,16,5.77,16.6,0,0
JDP Oram (NZ),2005-2012,36,32,91,0,793,19,3/33,41.73,8.71,28.7,0,0
Rashid Khan (AFG),2015-2016,14,14,55,0,376,19,3/11,19.78,6.83,17.3,0,0
MN Samuels (WI),2007-2016,51,26,72.2,0,561,19,3/23,29.52,7.75,22.8,0,0
Shoaib Akhtar (PAK),2006-2010,15,15,53,3,432,19,3/38,22.73,8.15,16.7,0,0
Tanwir Afzal (HK),2014-2016,21,21,71,2,509,19,2/8,26.78,7.16,22.4,0,0
JM Anderson (ENG),2007-2009,19,19,70.2,1,552,18,3/23,30.66,7.84,23.4,0,0
SJ Benn (WI),2008-2016,24,24,84,3,606,18,4/6,33.66,7.21,28,1,0
PW Borren (Neth),2008-2016,40,30,87.4,0,603,18,2/19,33.5,6.87,29.2,0,0
CRD Fernando (SL),2006-2016,18,18,63,3,464,18,3/19,25.77,7.36,21,0,0
HMRKB Herath (SL),2011-2016,17,17,60.5,3,373,18,5/3,20.72,6.13,20.2,0,1
K Santokie (WI),2011-2014,12,12,40.5,0,278,18,4/21,15.44,6.8,13.6,1,0
SB Styris (NZ),2005-2010,31,21,51.3,0,349,18,3/5,19.38,6.77,17.1,0,0
LL Tsotsobe (SA),2009-2014,23,23,78,2,541,18,3/16,30.05,6.93,26,0,0
HA Varaiya (Kenya),2007-2013,25,24,77.2,2,461,18,2/10,25.61,5.96,25.7,0,0
DJ Willey (ENG),2015-2016,12,12,39.2,0,325,18,3/20,18.05,8.26,13.1,0,0
LJ Wright (ENG),2007-2014,51,23,55,0,465,18,2/24,25.83,8.45,18.3,0,0
DAJ Bracewell (NZ),2011-2015,14,14,43.4,0,408,17,3/25,24,9.34,15.4,0,0
AB Dinda (INDIA),2009-2012,9,9,30,1,245,17,4/19,14.41,8.16,10.5,1,0
JP Duminy (SA),2007-2016,70,35,65.1,0,506,17,3/18,29.76,7.76,23,0,0
CH Gayle (WI),2006-2016,50,23,53.1,0,377,17,2/15,22.17,7.09,18.7,0,0
Z Khan (INDIA),2006-2012,17,17,58.4,0,448,17,4/19,26.35,7.63,20.7,1,0
CK Langeveldt (SA),2005-2010,9,9,33,0,241,17,4/19,14.17,7.3,11.6,1,0
R McLaren (SA),2009-2014,12,12,43.5,0,332,17,5/19,19.52,7.57,15.4,0,1
GJ Maxwell (AUS),2012-2016,36,32,77,0,575,17,3/13,33.82,7.46,27.1,0,0
MJ Santner (NZ),2015-2016,10,10,34.1,0,216,17,4/11,12.7,6.32,12,1,0
SPD Smith (AUS),2010-2016,30,17,48.3,1,377,17,3/20,22.17,7.77,17.1,0,0
SC Williams (ZIM),2006-2016,24,23,74,0,532,17,3/15,31.29,7.18,26.1,0,0
RS Bopara (ENG),2008-2014,38,21,53.4,1,387,16,4/10,24.18,7.21,20.1,1,0
E Chigumbura (ZIM),2006-2016,47,21,46,0,427,16,4/31,26.68,9.28,17.2,1,0
PD Collingwood (ENG),2005-2011,35,19,37,0,329,16,4/22,20.56,8.89,13.8,1,0
GD Drummond (SCOT),2008-2013,17,17,55,1,381,16,3/20,23.81,6.92,20.6,0,0
FH Edwards (WI),2007-2012,20,20,60,0,497,16,3/23,31.06,8.28,22.5,0,0
B Kumar (INDIA),2012-2016,16,16,57,2,381,16,3/9,23.81,6.68,21.3,0,0
CH Morris (SA),2012-2016,11,11,40,0,353,16,4/27,22.06,8.82,15,1,0
CB Mpofu (ZIM),2008-2015,20,20,71,0,616,16,3/16,38.5,8.67,26.6,0,0
NN Odhiambo (Kenya),2007-2013,24,21,56.1,1,468,16,5/20,29.25,8.33,21,0,1
JS Patel (NZ),2005-2008,11,10,33.1,1,269,16,3/20,16.81,8.11,12.4,0,0
AM Phangiso (SA),2012-2016,11,11,42,0,321,16,3/25,20.06,7.64,15.7,0,0
IS Sodhi (NZ),2014-2016,10,10,36.4,0,246,16,3/18,15.37,6.7,13.7,0,0
Yasir Arafat (PAK),2007-2012,13,13,39.2,0,316,16,3/18,19.75,8.03,14.7,0,0
RG Aga (Kenya),2008-2013,20,19,48,1,306,15,3/24,20.4,6.37,19.2,0,0
TA Boult (NZ),2013-2016,11,11,41,1,326,15,3/20,21.73,7.95,16.4,0,0
Mohammad Irfan (PAK),2012-2016,20,20,69.3,0,504,15,2/18,33.6,7.25,27.8,0,0
HH Pandya (INDIA),2016-2016,16,16,44.3,1,360,15,3/8,24,8.08,17.8,0,0
SM Pollock (SA),2005-2008,12,11,40.3,1,309,15,3/28,20.6,7.62,16.2,0,0
AU Rashid (ENG),2009-2016,20,19,64,1,500,15,2/18,33.33,7.81,25.6,0,0
B Regmi (Nepal),2014-2015,11,11,38.1,0,227,15,4/16,15.13,5.94,15.2,1,0
RP Singh (INDIA),2007-2009,10,9,33,0,225,15,4/13,15,6.81,13.2,1,0
MRJ Watt (SCOT),2015-2016,14,12,43,1,331,15,5/27,22.06,7.69,17.2,0,1
CJ Anderson (NZ),2012-2016,25,21,60,0,495,14,2/17,35.35,8.25,25.7,0,0
RD Berrington (SCOT),2008-2016,36,20,42.2,0,305,14,3/22,21.78,7.2,18.1,0,0
Bilal Khan (Oman),2015-2016,12,11,41.1,0,283,14,4/20,20.21,6.87,17.6,1,0
GD Elliott (NZ),2009-2016,16,14,30,0,218,14,4/22,15.57,7.26,12.8,1,0
AC Evans (SCOT),2015-2016,11,9,35,2,225,14,5/24,16.07,6.42,15,0,1
Karim Sadiq (AFG),2010-2016,34,28,70,0,482,14,3/17,34.42,6.88,30,0,0
Mirwais Ashraf (AFG),2010-2016,25,22,65.2,1,444,14,2/6,31.71,6.79,28,0,0
A Mishra (INDIA),2010-2016,8,8,30,1,192,14,3/24,13.71,6.4,12.8,0,0
MR Swart (Neth),2012-2016,26,20,53,1,351,14,2/8,25.07,6.62,22.7,0,0
PA van Meekeren (Neth),2013-2016,15,14,42,2,240,14,4/11,17.14,5.71,18,1,0
CJ Chibhabha (ZIM),2006-2016,30,19,47.5,0,396,13,3/18,30.46,8.27,22,0,0
SR Clark (AUS),2006-2007,9,9,36,0,237,13,4/20,18.23,6.58,16.6,1,0
JK Kamande (Kenya),2007-2010,12,10,34.2,1,212,13,3/28,16.3,6.17,15.8,0,0
Mohammad Asif (PAK),2006-2010,11,11,42.5,1,343,13,4/18,26.38,8,19.7,1,0
M Muralitharan (SL),2006-2010,12,12,47,0,297,13,3/29,22.84,6.31,21.6,0,0
TJ Murtagh (IRE),2012-2016,14,14,44.4,0,324,13,3/23,24.92,7.25,20.6,0,0
YK Pathan (INDIA),2007-2012,22,17,50.5,0,438,13,2/22,33.69,8.61,23.4,0,0
RW Price (ZIM),2008-2012,16,16,61.3,4,378,13,2/6,29.07,6.14,28.3,0,0
Rohan Mustafa (UAE),2014-2016,16,15,45.4,2,310,13,3/9,23.84,6.78,21,0,0
PR Stirling (IRE),2009-2016,37,21,58,1,395,13,3/21,30.38,6.81,26.7,0,0
Arafat Sunny (BDESH),2014-2016,10,10,31,0,230,12,2/17,19.16,7.41,15.5,0,0
JH Kallis (SA),2005-2012,25,19,46,1,333,12,4/15,27.75,7.23,23,1,0
AD Mascarenhas (ENG),2007-2009,14,14,42,0,309,12,3/18,25.75,7.35,21,0,0
JD Nel (SCOT),2007-2010,10,9,31,3,169,12,3/10,14.08,5.45,15.5,0,0
SK Raina (INDIA),2006-2016,62,21,45.1,0,326,12,2/6,27.16,7.21,22.5,0,0
MJG Rippon (Neth),2013-2016,14,14,38.4,2,242,12,3/8,20.16,6.25,19.3,0,0
Sompal Kami (Nepal),2014-2015,11,11,38,1,268,12,2/13,22.33,7.05,19,0,0
RN ten Doeschate (Neth),2008-2010,9,9,34,0,241,12,3/23,20.08,7.08,17,0,0
J Theron (SA),2010-2012,9,9,32.2,0,261,12,4/27,21.75,8.07,16.1,1,0
SO Tikolo (Kenya),2007-2013,15,10,28.2,0,168,12,4/2,14,5.92,14.1,1,0
Zulfiqar Babar (PAK),2013-2014,7,7,26,1,185,12,3/23,15.41,7.11,13,0,0
Abdur Rehman (PAK),2007-2013,8,8,26,0,192,11,2/7,17.45,7.38,14.1,0,0
MM Ali (ENG),2014-2016,19,16,40,0,329,11,2/22,29.9,8.22,21.8,0,0
TL Chatara (ZIM),2010-2016,11,11,40,1,308,11,2/21,28,7.7,21.8,0,0
DT Christian (AUS),2010-2014,15,15,35,0,310,11,3/27,28.18,8.85,19,0,0
Irfan Ahmed (HK),2014-2015,8,8,27,0,190,11,3/11,17.27,7.03,14.7,0,0
MA Leask (SCOT),2013-2016,13,8,27,0,196,11,3/20,17.81,7.25,14.7,0,0
AR McBrine (IRE),2014-2016,12,10,25,0,185,11,2/7,16.81,7.4,13.6,0,0
NO Miller (WI),2009-2014,9,9,31.4,0,224,11,2/20,20.36,7.07,17.2,0,0
JDS Neesham (NZ),2012-2015,13,12,31.4,0,242,11,3/16,22,7.64,17.2,0,0
CO Obuya (Kenya),2007-2013,26,10,30.3,0,202,11,3/17,18.36,6.62,16.6,0,0
TM Odoyo (Kenya),2007-2013,11,10,36,0,170,11,3/17,15.45,4.72,19.6,0,0
LE Plunkett (ENG),2006-2016,9,9,33.5,1,244,11,3/21,22.18,7.21,18.4,0,0
MH Yardy (ENG),2006-2011,14,13,46,0,299,11,2/19,27.18,6.5,25,0,0
Anwar Ali (PAK),2008-2016,16,15,44.1,0,367,10,2/27,36.7,8.3,26.5,0,0
L Balaji (INDIA),2012-2012,5,5,16,0,121,10,3/19,12.1,7.56,9.6,0,0
PVD Chameera (SL),2015-2016,13,13,45.1,0,359,10,3/30,35.9,7.94,27.1,0,0
TS Chisoro (ZIM),2015-2016,7,7,28,1,173,10,3/17,17.3,6.17,16.8,0,0
PC Connell (IRE),2008-2010,9,8,25.3,1,156,10,3/8,15.6,6.11,15.3,0,0
XJ Doherty (AUS),2012-2013,11,11,38,0,300,10,3/20,30,7.89,22.8,0,0
MR Gillespie (NZ),2006-2008,11,10,35,3,255,10,4/7,25.5,7.28,21,1,0
RM Hira (NZ),2012-2013,15,13,42.2,1,337,10,2/42,33.7,7.96,25.4,0,0
JR Hopes (AUS),2005-2010,12,12,37,0,283,10,2/26,28.3,7.64,22.2,0,0
KM Jarvis (ZIM),2011-2013,9,9,32.1,0,270,10,3/15,27,8.39,19.3,0,0
JF Mooney (IRE),2009-2015,27,10,26,1,176,10,2/7,17.6,6.76,15.6,0,0
PP Ojha (INDIA),2009-2010,6,6,21,0,132,10,4/21,13.2,6.28,12.6,1,0
H Osinde (Can),2008-2013,11,11,35,0,250,10,3/36,25,7.14,21,0,0
Raza Hasan (PAK),2012-2014,10,10,38,1,219,10,2/14,21.9,5.76,22.8,0,0
KAJ Roach (WI),2008-2012,11,11,39,1,284,10,2/25,28.4,7.28,23.4,0,0
DT Tiripano (ZIM),2016-2016,8,8,28.4,0,218,10,3/20,21.8,7.6,17.2,0,0
R Vinay Kumar (INDIA),2010-2013,9,9,31.3,0,247,10,3/24,24.7,7.84,18.9,0,0
DE Bollinger (AUS),2011-2014,9,9,35,0,249,9,1/22,27.66,7.11,23.3,0,0
TM Dilshan (SL),2006-2016,80,25,43,0,313,9,2/4,34.77,7.27,28.6,0,0
Elias Sunny (BDESH),2012-2012,7,7,23,1,146,9,5/13,16.22,6.34,15.3,0,1
BW Hilfenhaus (AUS),2007-2012,7,7,26,0,161,9,2/15,17.88,6.19,17.3,0,0
RK Kleinveldt (SA),2008-2013,6,6,20.2,1,173,9,3/18,19.22,8.5,13.5,0,0
Mehran Khan (Oman),2015-2016,11,8,27,0,186,9,3/18,20.66,6.88,18,0,0
Rizwan Cheema (Can),2008-2013,16,15,50,1,382,9,2/19,42.44,7.64,33.3,0,0
Sikandar Raza (ZIM),2013-2016,26,18,35,0,282,9,2/7,31.33,8.05,23.3,0,0
Taskin Ahmed (BDESH),2014-2016,13,11,38,1,238,9,2/32,26.44,6.26,25.3,0,0
I Wardlaw (SCOT),2013-2013,4,4,16,1,145,9,3/40,16.11,9.06,10.6,0,0
A Zampa (AUS),2016-2016,8,8,27,0,161,9,3/16,17.88,5.96,18,0,0
Aizaz Cheema (PAK),2011-2012,5,5,17,0,116,8,4/30,14.5,6.82,12.7,1,0
M Ansari (Oman),2015-2016,11,10,37.5,0,334,8,3/37,41.75,8.82,28.3,0,0
U Bhatti (Can),2008-2010,7,7,23,0,148,8,3/23,18.5,6.43,17.2,0,0
CJ Boyce (AUS),2014-2016,7,7,23,0,152,8,2/10,19,6.6,17.2,0,0
SS Cottrell (WI),2014-2015,6,6,20.1,1,183,8,3/28,22.87,9.07,15.1,0,0
Fawad Alam (PAK),2007-2010,24,6,15,0,95,8,3/7,11.87,6.33,11.2,0,0
SP Gauchan (Nepal),2014-2015,9,8,30,0,169,8,3/9,21.12,5.63,22.5,0,0
JR Hazlewood (AUS),2013-2016,7,7,28,0,269,8,4/30,33.62,9.6,21,1,0
Junaid Khan (PAK),2011-2014,9,9,27,0,236,8,3/24,29.5,8.74,20.2,0,0
Junaid Siddiqui (Can),2012-2013,8,8,29,1,180,8,3/10,22.5,6.2,21.7,0,0
P Kumar (INDIA),2008-2012,10,10,26,1,193,8,2/14,24.12,7.42,19.5,0,0
WK McCallan (IRE),2008-2009,9,7,21.5,0,152,8,2/26,19,6.96,16.3,0,0
N Madziva (ZIM),2015-2016,9,9,31.1,0,279,8,4/34,34.87,8.95,23.3,1,0
WP Masakadza (ZIM),2015-2016,7,7,25,1,197,8,4/28,24.62,7.88,18.7,1,0
Mohammad Ashraful (BDESH),2007-2013,23,8,23,0,210,8,3/42,26.25,9.13,17.2,0,0
Mohammad Shahzad (UAE),2015-2016,15,15,34.2,0,271,8,2/10,33.87,7.89,25.7,0,0
Mohammed Shami (INDIA),2014-2016,6,6,20.4,0,204,8,3/38,25.5,9.87,15.5,0,0
Shafiul Islam (BDESH),2010-2013,11,11,36.4,0,275,8,2/19,34.37,7.5,27.5,0,0
I Sharma (INDIA),2008-2013,14,14,46.2,0,400,8,2/34,50,8.63,34.7,0,0
TAM Siriwardana (SL),2015-2016,17,12,22,0,194,8,2/17,24.25,8.81,16.5,0,0
BA Stokes (ENG),2011-2016,18,14,42.4,1,395,8,3/26,49.37,9.25,32,0,0
A Symonds (AUS),2005-2009,14,12,30.5,0,277,8,2/14,34.62,8.98,23.1,0,0
JJ van der Wath (SA),2006-2007,8,8,31,0,231,8,2/31,28.87,7.45,23.2,0,0
N Vanua (PNG),2015-2016,6,6,20.2,0,124,8,3/26,15.5,6.09,15.2,0,0
CA Young (IRE),2015-2016,11,10,31,1,240,8,2/15,30,7.74,23.2,0,0
Zeeshan Maqsood (Oman),2015-2016,12,7,22,0,199,8,3/22,24.87,9.04,16.5,0,0
Aftab Alam (AFG),2012-2015,6,6,19.5,0,166,7,2/23,23.71,8.36,17,0,0
Ahmed Raza (UAE),2014-2016,13,12,40.2,0,265,7,2/19,37.85,6.57,34.5,0,0
A Dananjaya (SL),2012-2013,5,5,14,0,95,7,2/9,13.57,6.78,12,0,0
JH Davey (SCOT),2012-2016,11,10,37.4,0,293,7,3/23,41.85,7.77,32.2,0,0
M de Lange (SA),2012-2015,6,6,23.2,0,228,7,2/26,32.57,9.77,20,0,0
G Goudie (SCOT),2010-2013,9,9,24.5,0,224,7,3/22,32,9.02,21.2,0,0
Gulbadin Naib (AFG),2012-2016,29,17,35,0,332,7,2/24,47.42,9.48,30,0,0
AS Hansra (Can),2012-2013,8,6,15,0,94,7,2/13,13.42,6.26,12.8,0,0
JW Hastings (AUS),2010-2016,9,9,31,0,247,7,3/14,35.28,7.96,26.5,0,0
GB Hogg (AUS),2006-2014,15,15,49,1,373,7,2/31,53.28,7.61,42,0,0
LM Jongwe (ZIM),2015-2016,8,7,21.2,0,211,7,2/24,30.14,9.89,18.2,0,0
S Randiv (SL),2010-2011,7,7,21,0,139,7,3/20,19.85,6.61,18,0,0
TE Kane (IRE),2015-2015,5,3,9.2,0,75,7,3/19,10.71,8.03,8,0,0
AV Lalcheta (Oman),2015-2016,11,10,38.3,3,274,7,1/13,39.14,7.11,33,0,0
MF Maharoof (SL),2006-2016,8,8,27,0,199,7,2/18,28.42,7.37,23.1,0,0
CS Martin (NZ),2007-2008,6,6,23,1,193,7,2/14,27.57,8.39,19.7,0,0
Nasir Hossain (BDESH),2011-2016,31,11,29.5,0,262,7,2/26,37.42,8.78,25.5,0,0
AR Patel (INDIA),2015-2016,7,7,27,0,161,7,3/17,23,5.96,23.1,0,0
SR Patel (ENG),2011-2013,18,15,42,0,321,7,2/6,45.85,7.64,36,0,0
Rubel Hossain (BDESH),2009-2014,11,10,33.2,0,313,7,2/63,44.71,9.39,28.5,0,0
Sayed Shirzad (AFG),2015-2016,3,3,11,1,74,7,3/16,10.57,6.72,9.4,0,0
DR Smith (WI),2006-2015,33,11,23.4,0,212,7,3/24,30.28,8.95,20.2,0,0
S Sreesanth (INDIA),2006-2008,10,9,34,2,288,7,2/12,41.14,8.47,29.1,0,0
T Thushara (SL),2008-2010,6,6,22,0,179,7,2/37,25.57,8.13,18.8,0,0
JC Tredwell (ENG),2012-2014,17,15,52.5,0,416,7,1/16,59.42,7.87,45.2,0,0
CR Woakes (ENG),2011-2015,8,8,27,0,253,7,2/40,36.14,9.37,23.1,0,0
WD Balaji Rao (Can),2008-2008,4,4,14,0,107,6,3/21,17.83,7.64,14,0,0
TL Best (WI),2013-2014,6,6,20,0,154,6,3/18,25.66,7.7,20,0,0
D Bishoo (WI),2011-2015,5,5,16.4,0,109,6,4/17,18.16,6.54,16.6,1,0
JAR Blain (SCOT),2007-2008,6,5,20,0,108,6,2/23,18,5.4,20,0,0
CR Brathwaite (WI),2011-2016,13,12,35.3,0,330,6,3/23,55,9.29,35.5,0,0
NM Carter (SCOT),2013-2013,7,7,26,1,168,6,2/27,28,6.46,26,0,0
MJ Clarke (AUS),2005-2010,34,15,26,0,225,6,1/2,37.5,8.65,26,0,0
S Dhaniram (Can),2008-2010,11,11,33.4,1,192,6,2/9,32,5.7,33.6,0,0
Farhad Reza (BDESH),2006-2014,13,11,26,0,261,6,2/34,43.5,10.03,26,0,0
Hasan Ali (PAK),2016-2016,3,3,11,0,105,6,3/49,17.5,9.54,11,0,0
MJ Henry (NZ),2014-2016,5,5,18,1,147,6,3/44,24.5,8.16,18,0,0
Izatullah Dawlatzai (AFG),2012-2012,4,4,12,0,134,6,3/33,22.33,11.16,12,0,0
RAS Lakmal (SL),2011-2016,8,8,27.4,0,255,6,2/26,42.5,9.21,27.6,0,0
BMAJ Mendis (SL),2011-2013,16,8,18,0,116,6,3/24,19.33,6.44,18,0,0
JM Muirhead (AUS),2014-2014,5,5,15,0,109,6,2/13,18.16,7.26,15,0,0
T Muzarabani (ZIM),2015-2016,9,9,30,0,280,6,2/31,46.66,9.33,30,0,0
M Ntini (SA),2005-2011,10,10,32,0,298,6,2/22,49.66,9.31,32,0,0
IE O'Brien (NZ),2009-2009,4,4,13,0,116,6,2/30,19.33,8.92,13,0,0
SNJ O'Keefe (AUS),2010-2011,7,7,19,0,149,6,3/29,24.83,7.84,19,0,0
E Otieno (Kenya),2012-2013,10,10,28.2,1,178,6,3/16,29.66,6.28,28.3,0,0
Qadeer Ahmed (UAE),2015-2016,8,8,24,1,185,6,2/25,30.83,7.7,24,0,0
Rokhan Barakzai (AFG),2015-2015,3,3,10,0,75,6,2/21,12.5,7.5,10,0,0
JE Root (ENG),2012-2016,21,8,12,0,128,6,2/9,21.33,10.66,12,0,0
Sabbir Rahman (BDESH),2014-2016,26,8,11.1,0,70,6,3/11,11.66,6.26,11.1,0,0
Sagar Pun (Nepal),2014-2015,9,8,23.3,0,131,6,3/26,21.83,5.57,23.5,0,0
E Schiferli (Neth),2008-2010,7,6,23,0,146,6,3/23,24.33,6.34,23,0,0
MM Sharma (INDIA),2014-2015,8,8,23,0,185,6,2/28,30.83,8.04,23,0,0
LMP Simmons (WI),2007-2016,38,3,6,0,55,6,4/19,9.16,9.16,6,1,0
BB Sran (INDIA),2016-2016,2,2,8,1,41,6,4/10,6.83,5.12,8,1,0
WPUJC Vaas (SL),2006-2007,6,6,22,1,128,6,2/14,21.33,5.81,22,0,0
A Vala (PNG),2015-2016,6,4,9.4,0,53,6,2/7,8.83,5.48,9.6,0,0
Aamir Kaleem (Oman),2015-2016,11,7,18,0,157,5,4/36,31.4,8.72,21.6,1,0
CJA Amini (PNG),2015-2016,6,5,9.1,0,63,5,2/13,12.6,6.87,11,0,0
Bilawal Bhatti (PAK),2013-2015,9,9,26,0,255,5,2/36,51,9.8,31.2,0,0
DR Briggs (ENG),2012-2014,7,6,18,0,199,5,2/25,39.8,11.05,21.6,0,0
KJ Coetzer (SCOT),2008-2016,35,5,11,0,71,5,3/25,14.2,6.45,13.2,0,0
A Flintoff (ENG),2005-2007,7,7,25,0,161,5,2/23,32.2,6.44,30,0,0
AM Guruge (UAE),2014-2015,5,5,16,0,125,5,2/18,25,7.81,19.2,0,0
BE Hendricks (SA),2014-2014,5,5,16.4,0,149,5,2/31,29.8,8.94,20,0,0
JO Holder (WI),2014-2015,4,4,13,0,121,5,2/34,24.2,9.3,15.6,0,0
MS Kasprowicz (AUS),2005-2005,2,2,7,0,57,5,4/29,11.4,8.14,8.4,1,0
GD McGrath (AUS),2005-2005,2,2,8,0,79,5,3/31,15.8,9.87,9.6,0,0
MW Machan (SCOT),2013-2016,13,7,22.3,0,156,5,3/23,31.2,6.93,27,0,0
Naved-ul-Hasan (PAK),2006-2010,4,4,14.1,0,101,5,3/19,20.2,7.12,17,0,0
RJ Nicol (NZ),2010-2013,21,13,20.3,0,167,5,2/20,33.4,8.14,24.6,0,0
GH O'Brien (Ber),2008-2008,3,3,11,0,41,5,2/11,8.2,3.72,13.2,0,0
NM Odhiambo (Kenya),2010-2013,8,7,18,0,127,5,2/33,25.4,7.05,21.6,0,0
PJ Ongondo (Kenya),2007-2008,8,8,26,1,177,5,2/18,35.4,6.8,31.2,0,0
RML Taylor (SCOT),2013-2016,9,9,25,1,196,5,3/17,39.2,7.84,30,0,0
RJW Topley (ENG),2015-2016,6,6,17.1,0,173,5,3/24,34.6,10.07,20.6,0,0
I Udana (SL),2009-2016,7,7,25,1,216,5,2/17,43.2,8.64,30,0,0
LV van Beek (Neth),2014-2016,8,7,17,0,160,5,3/9,32,9.41,20.4,0,0
Yamin Ahmadzai (AFG),2015-2015,2,2,7.1,0,65,5,3/34,13,9.06,8.6,0,0
DI Allan (Kenya),2012-2013,10,7,9.2,0,82,4,2/8,20.5,8.78,14,0,0
NJ Astle (NZ),2005-2006,4,2,6.5,0,50,4,3/20,12.5,7.31,10.2,0,0
HMCM Bandara (SL),2006-2009,4,4,14,0,96,4,3/32,24,6.85,21,0,0
MD Bates (NZ),2012-2012,3,3,11,0,107,4,3/31,26.75,9.72,16.5,0,0
GB Brent (ZIM),2006-2007,3,3,11,0,93,4,2/19,23.25,8.45,16.5,0,0
PP Chawla (INDIA),2010-2012,7,7,23,1,151,4,2/13,37.75,6.56,34.5,0,0
MD Dai (PNG),2015-2016,6,6,15,0,103,4,2/13,25.75,6.86,22.5,0,0
JM Davison (Can),2008-2010,5,5,18,0,91,4,2/19,22.75,5.05,27,0,0
RJ Harris (AUS),2010-2010,3,3,11.4,1,95,4,2/27,23.75,8.14,17.5,0,0
MC Henriques (AUS),2009-2016,6,5,12,0,110,4,2/35,27.5,9.16,18,0,0
Joginder Sharma (INDIA),2007-2007,4,4,14.3,0,138,4,2/20,34.5,9.51,21.7,0,0
MBS Jonkman (Neth),2010-2010,3,3,8,0,47,4,2/21,11.75,5.87,12,0,0
Karan KC (Nepal),2015-2015,5,5,15,0,138,4,2/24,34.5,9.2,22.5,0,0
Khawar Ali (Oman),2015-2016,10,8,22,0,159,4,2/19,39.75,7.22,33,0,0
V Kohli (INDIA),2010-2016,45,12,24.2,0,198,4,1/13,49.5,8.13,36.5,0,0
GA Lamb (ZIM),2010-2010,5,5,12.1,0,80,4,2/14,20,6.57,18.2,0,0
E Leie (SA),2015-2015,2,2,6,0,48,4,3/16,12,8,9,0,0
J Lewis (ENG),2005-2007,2,2,7,0,55,4,4/24,13.75,7.85,10.5,1,0
ML Lewis (AUS),2006-2006,2,2,7.3,0,49,4,2/18,12.25,6.53,11.2,0,0
CJ McKay (AUS),2010-2013,6,6,22.4,1,183,4,2/24,45.75,8.07,34,0,0
MR Marsh (AUS),2011-2016,9,7,17,0,145,4,1/17,36.25,8.52,25.5,0,0
SW Masakadza (ZIM),2010-2013,7,7,19.3,0,211,4,2/39,52.75,10.82,29.2,0,0
GE Mathurin (WI),2011-2012,3,3,10,0,65,4,3/9,16.25,6.5,15,0,0
Mohammad Kashif (Neth),2010-2010,3,3,7,0,55,4,2/28,13.75,7.85,10.5,0,0
PL Mommsen (SCOT),2012-2016,24,7,23,0,164,4,1/23,41,7.13,34.5,0,0
JK Mukhiya (Nepal),2014-2015,4,4,10,0,56,4,3/18,14,5.6,15,0,0
N M'shangwe (ZIM),2013-2014,5,5,16,0,142,4,2/33,35.5,8.87,24,0,0
Nawroz Mangal (AFG),2010-2015,30,6,10,0,80,4,3/23,20,8,15,0,0
JO Ngoche (Kenya),2012-2013,7,7,24,0,140,4,2/31,35,5.83,36,0,0
Nizakat Khan (HK),2014-2016,20,4,13,0,69,4,3/19,17.25,5.3,19.5,0,0
AA Noffke (AUS),2007-2008,2,2,7.3,1,41,4,3/18,10.25,5.46,11.2,0,0
LN Onyango (Kenya),2007-2010,5,5,13,0,128,4,2/17,32,9.84,19.5,0,0
MM Patel (INDIA),2011-2011,3,3,10,0,86,4,2/25,21.5,8.6,15,0,0
VD Philander (SA),2007-2007,7,6,13.5,0,114,4,2/23,28.5,8.24,20.7,0,0
S Prasanna (SL),2013-2016,8,8,20,1,148,4,2/45,37,7.4,30,0,0
CP Schofield (ENG),2007-2007,4,4,12.5,0,92,4,2/15,23,7.16,19.2,0,0
Shahadat Hossain (BDESH),2006-2013,6,6,20,0,198,4,2/22,49.5,9.9,30,0,0
MD Shanaka (SL),2015-2016,11,6,9,0,73,4,3/16,18.25,8.11,13.5,0,0
Sohag Gazi (BDESH),2012-2015,10,10,35,1,299,4,1/28,74.75,8.54,52.5,0,0
AO Suji (Kenya),2007-2010,8,6,16.1,1,116,4,2/23,29,7.17,24.2,0,0
Syed Rasel (BDESH),2007-2008,8,8,29,2,202,4,1/10,50.5,6.96,43.5,0,0
SR Thompson (IRE),2014-2016,17,9,18.3,0,129,4,3/10,32.25,6.97,27.7,0,0
JDF Vandersay (SL),2015-2016,7,7,24,1,177,4,2/26,44.25,7.37,36,0,0
BV Vitori (ZIM),2012-2016,11,11,39.4,0,323,4,1/24,80.75,8.14,59.5,0,0
K Weeraratne (SL),2008-2009,5,5,15,0,126,4,4/19,31.5,8.4,22.5,1,0
CM Wright (SCOT),2007-2009,3,2,5,0,49,4,3/29,12.25,9.8,7.5,0,0
Abu Hider (BDESH),2016-2016,5,4,11,0,102,3,2/40,34,9.27,22,0,0
AR Adams (NZ),2005-2006,4,4,12.5,0,105,3,2/20,35,8.18,25.6,0,0
AB Agarkar (INDIA),2006-2007,4,3,10.3,1,85,3,2/10,28.33,8.09,21,0,0
MS Aulakh (Can),2012-2013,3,3,9,0,82,3,2/40,27.33,9.11,18,0,0
F Behardien (SA),2012-2016,25,3,5,0,27,3,2/15,9,5.4,10,0,0
SM Boland (AUS),2016-2016,3,3,11,0,90,3,3/26,30,8.18,22,0,0
CG Burnett (SCOT),2013-2013,1,1,4,0,18,3,3/18,6,4.5,8,0,0
YS Chahal (INDIA),2016-2016,3,3,12,1,89,3,1/19,29.66,7.41,24,0,0
MS Chapman (HK),2014-2016,19,4,10,0,77,3,1/10,25.66,7.7,20,0,0
TLW Cooper (Neth),2012-2016,18,9,17,0,132,3,2/18,44,7.76,34,0,0
LA Dawson (ENG),2016-2016,1,1,4,0,27,3,3/27,9,6.75,8,0,0
RMS Eranga (SL),2012-2013,3,3,11,0,90,3,2/30,30,8.18,22,0,0
Farhan Ahmed (UAE),2016-2016,3,3,9,0,66,3,2/28,22,7.33,18,0,0
Fawad Ahmed (AUS),2013-2013,2,2,8,0,68,3,3/25,22.66,8.5,16,0,0
B Fernando (SL),2015-2015,2,2,7.2,0,71,3,2/33,23.66,9.68,14.6,0,0
ST Gabriel (WI),2013-2013,2,2,7,0,56,3,3/44,18.66,8,14,0,0
WT Gavera (PNG),2015-2015,3,3,9,1,50,3,3/17,16.66,5.55,18,0,0
D Gough (ENG),2005-2006,2,2,6.5,0,49,3,3/16,16.33,7.17,13.6,0,0
TGJ Gruijters (Neth),2012-2013,8,5,12,0,74,3,1/5,24.66,6.16,24,0,0
HF Gurney (ENG),2014-2014,2,2,8,0,55,3,2/26,18.33,6.87,16,0,0
AJ Hall (SA),2006-2006,2,2,8,0,60,3,3/22,20,7.5,16,0,0
SM Harwood (AUS),2007-2009,3,3,12,0,113,3,2/21,37.66,9.41,24,0,0
DSNFG Jayasuriya (SL),2015-2016,11,7,16.5,0,146,3,1/11,48.66,8.67,33.6,0,0
E Katchay (Can),2008-2008,4,4,10,0,71,3,1/18,23.66,7.1,20,0,0
SKW Kelly (Ber),2008-2008,3,3,7,0,50,3,2/18,16.66,7.14,14,0,0
DS Kulkarni (INDIA),2016-2016,2,2,8,0,55,3,2/23,18.33,6.87,16,0,0
DL Maddy (ENG),2007-2007,4,2,3,0,26,3,2/6,8.66,8.66,6,0,0
SI Mahmood (ENG),2006-2009,4,4,14,0,155,3,1/31,51.66,11.07,28,0,0
Mansoor Amjad (PAK),2008-2008,1,1,1,0,3,3,3/3,1,3,2,0,0
T Mishra (Kenya),2007-2013,15,2,5,0,33,3,3/25,11,6.6,10,0,0
Mohammad Nawaz (3) (PAK),2016-2016,5,5,16,0,115,3,1/16,38.33,7.18,32,0,0
Naeem Islam (BDESH),2008-2013,10,6,15,0,122,3,2/32,40.66,8.13,30,0,0
SD Parry (ENG),2014-2015,5,5,16,0,138,3,2/33,46,8.62,32,0,0
SS Pathirana (SL),2016-2016,2,2,6.5,0,68,3,2/23,22.66,9.95,13.6,0,0
JL Pattinson (AUS),2011-2012,4,4,13,0,104,3,2/17,34.66,8,26,0,0
MDK Perera (SL),2011-2011,3,3,10,0,72,3,3/26,24,7.2,20,0,0
P Raho (PNG),2016-2016,2,2,3,0,20,3,3/11,6.66,6.66,6,0,0
CAK Rajitha (SL),2016-2016,3,3,11,0,120,3,3/29,40,10.9,22,0,0
RJ Ranpura (Oman),2015-2016,3,2,6,0,32,3,2/17,10.66,5.33,12,0,0
JB Reva (PNG),2015-2016,3,3,9,0,52,3,2/11,17.33,5.77,18,0,0
A Shahzad (ENG),2010-2011,3,3,11,0,97,3,2/38,32.33,8.81,22,0,0
Sharafuddin Ashraf (AFG),2015-2015,4,4,14,0,119,3,3/27,39.66,8.5,28,0,0
R Sharma (INDIA),2012-2012,2,2,7.2,0,56,3,2/29,18.66,7.63,14.6,0,0
PM Siddle (AUS),2009-2010,2,2,8,0,58,3,2/24,19.33,7.25,16,0,0
CA Soper (PNG),2015-2016,3,3,8.1,0,43,3,3/13,14.33,5.26,16.3,0,0
JH Stander (SCOT),2009-2012,11,7,13.3,0,156,3,2/24,52,11.55,27,0,0
Tanveer Ahmed (HK),2016-2016,2,2,7.3,0,60,3,2/29,20,8,15,0,0
AC Thomas (SA),2007-2007,1,1,4,0,25,3,3/25,8.33,6.25,8,0,0
DR Tuffey (NZ),2005-2010,3,3,10,0,93,3,2/16,31,9.3,20,0,0
MB van Schelven (Neth),2015-2015,2,2,7,0,30,3,2/22,10,4.28,14,0,0
RR Watson (SCOT),2007-2010,10,5,10,0,92,3,1/4,30.66,9.2,20,0,0
RM West (IRE),2009-2009,5,5,19,0,142,3,1/23,47.33,7.47,38,0,0
BTJ Wheal (SCOT),2016-2016,2,2,5.2,0,33,3,3/20,11,6.18,10.6,0,0
KS Williamson (NZ),2011-2016,35,9,12.4,0,123,3,1/6,41,9.71,25.3,0,0
MA Wood (ENG),2015-2015,1,1,3,0,26,3,3/26,8.66,8.66,6,0,0
Younis Khan (PAK),2006-2010,25,1,3.4,0,18,3,3/18,6,4.9,7.3,0,0
Zahid Hussain (Can),2012-2012,3,3,9.3,0,47,3,3/16,15.66,4.94,19,0,0
Ziaur Rahman (BDESH),2012-2014,14,7,12.3,0,127,3,1/16,42.33,10.16,25,0,0
YA Abdulla (SA),2009-2009,2,2,7,0,44,2,1/16,22,6.28,21,0,0
Abul Hasan (BDESH),2012-2012,4,4,11,0,108,2,2/33,54,9.81,33,0,0
Alok Kapali (BDESH),2007-2011,7,2,5,0,35,2,2/12,17.5,7,15,0,0
Anshuman Rath (HK),2015-2016,17,11,30,0,245,2,1/22,122.5,8.16,90,0,0
LS Baker (WI),2008-2009,3,3,8,0,58,2,1/12,29,7.25,24,0,0
RJ Campbell (HK),2016-2016,3,3,10,0,68,2,2/28,34,6.8,30,0,0
KM Dabengwa (ZIM),2006-2010,8,7,11,0,106,2,1/1,53,9.63,33,0,0
JWM Dalrymple (ENG),2006-2007,3,3,5,0,39,2,1/10,19.5,7.8,15,0,0
Dawlat Ahmadzai (AFG),2010-2010,2,2,4,0,46,2,1/21,23,11.5,12,0,0
AS Dean (Can),2008-2013,2,2,4,0,32,2,2/18,16,8,12,0,0
CD de Lange (SCOT),2015-2016,4,3,11,0,72,2,1/19,36,6.54,33,0,0
AP Devcich (NZ),2013-2014,4,4,12,0,80,2,2/16,40,6.66,36,0,0
LHD Dilhara (SL),2008-2008,2,2,5,0,30,2,2/6,15,6,15,0,0
AM Ellis (NZ),2012-2013,5,4,10,0,105,2,2/40,52.5,10.5,30,0,0
B Geeves (AUS),2009-2009,1,1,3.2,0,35,2,2/35,17.5,10.5,10,0,0
JOA Gordon (Can),2013-2013,2,2,7,0,62,2,2/30,31,8.85,21,0,0
NM Hauritz (AUS),2009-2009,3,2,7.2,0,47,2,1/20,23.5,6.4,22,0,0
PA Hitchcock (NZ),2008-2008,1,1,3,0,43,2,2/43,21.5,14.33,9,0,0
Imran Khan (1) (PAK),2015-2015,3,3,12,0,106,2,2/35,53,8.83,36,0,0
MM Iqbal (SCOT),2012-2013,6,3,8,0,59,2,2/15,29.5,7.37,24,0,0
Jubair Hossain (BDESH),2015-2015,1,1,2,0,20,2,2/20,10,10,6,0,0
Kamran Shazad (UAE),2014-2014,3,3,8.4,0,77,2,2/19,38.5,8.88,26,0,0
P Khadka (Nepal),2014-2015,11,11,28,1,170,2,1/3,85,6.07,84,0,0
A Khan (ENG),2009-2009,1,1,4,0,34,2,2/34,17,8.5,12,0,0
B Laughlin (AUS),2009-2013,3,3,11.5,0,118,2,1/32,59,9.97,35.5,0,0
KS Lokuarachchi (SL),2012-2012,2,2,6,0,48,2,2/31,24,8,18,0,0
J Louw (SA),2008-2009,2,2,7,0,54,2,2/36,27,7.71,21,0,0
AJ McKay (NZ),2010-2010,2,2,5.4,0,31,2,2/20,15.5,5.47,17,0,0
CS MacLeod (SCOT),2009-2016,24,5,12,0,98,2,2/17,49,8.16,36,0,0
GI Maiden (SCOT),2008-2008,3,3,10,0,58,2,1/20,29,5.8,30,0,0
GT Main (SCOT),2015-2016,4,2,4,0,34,2,1/13,17,8.5,12,0,0
H Masakadza (ZIM),2006-2016,50,9,12,0,113,2,1/4,56.5,9.41,36,0,0
MJ Mason (NZ),2006-2008,3,3,9,0,65,2,1/18,32.5,7.22,27,0,0
SC Meaker (ENG),2012-2012,2,2,7.5,0,70,2,1/28,35,8.93,23.5,0,0
CT Mutombodzi (ZIM),2013-2016,5,3,10,0,81,2,2/28,40.5,8.1,30,0,0
M Nasim Baras (AFG),2015-2015,3,3,8,0,56,2,1/11,28,7,24,0,0
A Nel (SA),2005-2007,2,2,8,0,42,2,2/19,21,5.25,24,0,0
MS Panesar (ENG),2007-2007,1,1,4,0,40,2,2/40,20,10,12,0,0
H Patel (Can),2010-2013,11,5,9.5,0,83,2,2/23,41.5,8.44,29.5,0,0
N Pokana (PNG),2016-2016,3,3,5,0,30,2,1/5,15,6,15,0,0
DBL Powell (WI),2007-2007,5,5,17,0,131,2,1/6,65.5,7.7,51,0,0
Raza-ur-Rehman (Can),2012-2013,5,3,9,0,58,2,2/16,29,6.44,27,0,0
AJ Redmond (NZ),2009-2010,7,1,2.5,0,24,2,2/24,12,8.47,8.5,0,0
GA Rogers (SCOT),2008-2009,2,2,7.5,0,67,2,2/15,33.5,8.55,23.5,0,0
IH Romaine (Ber),2008-2008,2,2,3.4,0,21,2,2/2,10.5,5.72,11,0,0
JD Ryder (NZ),2008-2014,22,5,10,0,68,2,1/2,34,6.8,30,0,0
RR Sarwan (WI),2007-2010,18,1,2,0,10,2,2/10,5,5,6,0,0
Sharif Asadullah (UAE),2014-2014,1,1,3,0,21,2,2/21,10.5,7,9,0,0
Shuvagata Hom (BDESH),2016-2016,5,4,11,0,71,2,1/18,35.5,6.45,33,0,0
EHSN Silva (UAE),2014-2014,2,2,7,0,58,2,1/20,29,8.28,21,0,0
Sohail Khan (PAK),2008-2011,3,3,7,0,51,2,2/13,25.5,7.28,21,0,0
R Telemachus (SA),2006-2007,3,3,12,0,90,2,1/22,45,7.5,36,0,0
S Thuraisingam (Can),2008-2008,3,3,7.5,0,44,2,1/13,22,5.61,23.5,0,0
CT Tremlett (ENG),2007-2007,1,1,4,0,45,2,2/45,22.5,11.25,12,0,0
AJ Tye (AUS),2016-2016,3,3,11.2,0,119,2,1/28,59.5,10.5,34,0,0
AC Voges (AUS),2007-2013,7,1,2,0,5,2,2/5,2.5,2.5,6,0,0
SR Welsh (Can),2008-2008,1,1,3,0,6,2,2/6,3,2,9,0,0
AR White (IRE),2008-2012,18,1,4,0,18,2,2/18,9,4.5,12,0,0
G Wijekoon (SL),2007-2007,3,3,11,0,101,2,1/12,50.5,9.18,33,0,0
KOK Williams (WI),2016-2016,1,1,4,0,15,2,2/15,7.5,3.75,12,0,0
Aamer Yamin (PAK),2015-2015,1,1,2,0,12,1,1/12,12,6,12,0,0
SA Abbott (AUS),2014-2014,3,3,6,0,47,1,1/17,47,7.83,36,0,0
AC Agar (AUS),2016-2016,2,2,3,0,43,1,1/25,43,14.33,18,0,0
GW Aldridge (NZ),2011-2011,1,1,4,0,45,1,1/45,45,11.25,24,0,0
Amir Ali (Oman),2015-2016,10,5,9,0,67,1,1/6,67,7.44,54,0,0
S Aravind (INDIA),2015-2015,1,1,3.4,0,44,1,1/44,44,12,22,0,0
Asghar Stanikzai (AFG),2010-2016,36,1,0.4,0,4,1,1/4,4,6,4,0,0
CD Barnwell (WI),2011-2013,6,4,6,0,51,1,1/24,51,8.5,36,0,0
A Bhattarai (Nepal),2014-2014,1,1,3,0,12,1,1/12,12,4,18,0,0
STR Binny (INDIA),2015-2016,3,3,5,0,54,1,1/14,54,10.8,30,0,0
N Boje (SA),2005-2005,1,1,4,0,27,1,1/27,27,6.75,24,0,0
SG Borthwick (ENG),2011-2011,1,1,4,0,15,1,1/15,15,3.75,24,0,0
CL Cairns (NZ),2005-2006,2,2,8,0,52,1,1/28,52,6.5,48,0,0
BCJ Cutting (AUS),2013-2014,4,4,11,0,99,1,1/18,99,9,66,0,0
H Davids (SA),2012-2013,9,2,2,0,13,1,1/6,13,6.5,12,0,0
JL Denly (ENG),2009-2010,5,1,1,0,9,1,1/9,9,9,6,0,0
PA Desai (Can),2012-2012,1,1,3,0,30,1,1/30,30,10,18,0,0
R Dhawan (INDIA),2016-2016,1,1,4,0,42,1,1/42,42,10.5,24,0,0
Ehsan Khan (HK),2016-2016,1,1,4,0,26,1,1/26,26,6.5,24,0,0
Fayyaz Ahmed (UAE),2015-2015,1,1,3,0,29,1,1/29,29,9.66,18,0,0
JN Gillespie (AUS),2005-2005,1,1,4,0,49,1,1/49,49,12.25,24,0,0
SJ Harmison (ENG),2005-2006,2,2,6.3,0,42,1,1/13,42,6.46,39,0,0
BJ Hodge (AUS),2007-2014,15,3,5,0,43,1,1/13,43,8.6,30,0,0
Iftikhar Anjum (PAK),2007-2009,2,2,8,0,67,1,1/34,67,8.37,48,0,0
AJ Ireland (ZIM),2006-2006,1,1,3,0,33,1,1/33,33,11,18,0,0
A Karn (Nepal),2015-2015,2,2,8,0,49,1,1/31,49,6.12,48,0,0
Khurram Chohan (Can),2010-2010,4,4,12.1,0,106,1,1/24,106,8.71,73,0,0
Khurram Khan (UAE),2014-2014,3,1,1,0,8,1,1/8,8,8,6,0,0
VJ Kingma (Neth),2016-2016,1,1,4,0,32,1,1/32,32,8,24,0,0
RT Lyons (SCOT),2010-2010,2,2,6,0,40,1,1/26,40,6.66,36,0,0
A Martin (WI),2011-2011,1,1,3,0,20,1,1/20,20,6.66,18,0,0
T Maruma (ZIM),2008-2016,10,2,3,0,20,1,1/8,20,6.66,18,0,0
Mohammad Nadeem (Oman),2015-2015,2,2,7,0,53,1,1/20,53,7.57,42,0,0
Mohammad Rafique (BDESH),2006-2006,1,1,4,0,22,1,1/22,22,5.5,24,0,0
Mohammad Shahid (BDESH),2016-2016,1,1,3,0,32,1,1/32,32,10.66,18,0,0
J Mubarak (SL),2007-2009,16,2,1.2,0,17,1,1/9,17,12.75,8,0,0
J Mulder (IRE),2016-2016,1,1,4,0,25,1,1/25,25,6.25,24,0,0
T Mupariwa (ZIM),2007-2008,4,4,13,0,94,1,1/22,94,7.23,78,0,0
Najeeb Amar (HK),2014-2014,1,1,3,0,29,1,1/29,29,9.66,18,0,0
Nazmul Hossain (BDESH),2009-2012,4,4,7,0,67,1,1/15,67,9.57,42,0,0
P Negi (INDIA),2016-2016,1,1,3,0,16,1,1/16,16,5.33,18,0,0
L Nou (PNG),2015-2015,3,3,10,0,65,1,1/24,65,6.5,60,0,0
MP O'Dowd (Neth),2015-2016,5,2,2.4,0,14,1,1/7,14,5.25,16,0,0
JL Ontong (SA),2008-2015,14,4,6,0,83,1,1/25,83,13.83,36,0,0
MA Parker (SCOT),2012-2012,2,2,6,0,61,1,1/36,61,10.16,36,0,0
RR Patel (Kenya),2008-2013,22,3,3,0,26,1,1/13,26,8.66,18,0,0
KP Pietersen (ENG),2005-2013,37,3,5,0,53,1,1/27,53,10.6,30,0,0
M Pushpakumara (SL),2009-2009,1,1,3,0,27,1,1/27,27,9,18,0,0
RLB Rambukwella (SL),2013-2016,2,2,6.3,0,46,1,1/19,46,7.07,39,0,0
KW Richardson (AUS),2014-2016,3,3,10,0,82,1,1/13,82,8.2,60,0,0
AM Samad (Can),2008-2010,7,1,2,0,36,1,1/36,36,18,12,0,0
Sandeep Sharma (INDIA),2015-2015,2,2,7,0,73,1,1/39,73,10.42,42,0,0
KV Sharma (INDIA),2014-2014,1,1,4,0,28,1,1/28,28,7,24,0,0
RG Sharma (INDIA),2007-2016,62,9,11.2,0,113,1,1/22,113,9.97,68,0,0
LPC Silva (SL),2006-2011,16,2,3,0,15,1,1/4,15,5,18,0,0
Sufyan Mehmood (Oman),2015-2016,2,2,4.3,0,30,1,1/22,30,6.66,27,0,0
Tanvir Ahmed (PAK),2010-2010,1,1,3,0,13,1,1/13,13,4.33,18,0,0
BRM Taylor (ZIM),2006-2014,26,2,5,0,17,1,1/16,17,3.4,30,0,0
SR Tendulkar (INDIA),2006-2006,1,1,2.3,0,12,1,1/12,12,4.8,15,0,0
EP Thompson (NZ),2008-2008,1,1,3,1,18,1,1/18,18,6,18,0,0
GC Tonge (WI),2009-2009,1,1,4,0,25,1,1/25,25,6.25,24,0,0
Umair Ali (UAE),2015-2015,3,2,4,0,28,1,1/13,28,7,24,0,0
DLS van Bunge (Neth),2008-2013,14,2,2.2,0,15,1,1/14,15,6.42,14,0,0
UWMBCA Welegedara (SL),2010-2010,2,2,6,0,61,1,1/21,61,10.16,36,0,0
CL White (AUS),2007-2014,47,5,7,0,51,1,1/11,51,7.28,42,0,0
LJ Woodcock (NZ),2010-2011,3,3,10,0,70,1,1/30,70,7,60,0,0
GH Worker (NZ),2015-2015,2,1,2,0,19,1,1/19,19,9.5,12,0,0
UT Yadav (INDIA),2012-2012,1,1,3,0,24,1,1/24,24,8,18,0,0
Zaheer Maqsood (UAE),2015-2016,3,3,9,0,80,1,1/29,80,8.88,54,0,0
Zamir Khan (AFG),2012-2012,1,1,4,0,26,1,1/26,26,6.5,24,0,0
C Zhuwao (ZIM),2008-2011,5,1,0.2,0,1,1,1/1,1,3,2,0,0
M Zondeki (SA),2006-2006,1,1,3,0,41,1,1/41,41,13.66,18,0,0
Abdur Rauf (PAK),2008-2008,1,1,3,0,21,0,0,0,7,0,0,0
Aftab Ahmed (BDESH),2006-2010,11,1,0.2,0,8,0,0,0,24,0,0,0
Ahmed Shehzad (PAK),2009-2016,44,1,1,0,10,0,0,0,10,0,0,0
J Anderson (IRE),2015-2015,4,1,1,0,13,0,0,0,13,0,0,0
Arsalan Qadir (Can),2010-2010,1,1,1,0,12,0,0,0,12,0,0,0
Asad Ali (PAK),2013-2013,2,2,4,0,33,0,0,0,8.25,0,0,0
TD Astle (NZ),2016-2016,2,2,4,0,41,0,0,0,10.25,0,0,0
P Awana (INDIA),2012-2012,2,2,6,0,71,0,0,0,11.83,0,0,0
KMC Bandara (SL),2016-2016,1,1,1,0,11,0,0,0,11,0,0,0
GEF Barnett (Can),2008-2010,5,1,1,0,11,0,0,0,11,0,0,0
GJ Batty (ENG),2009-2009,1,1,3,0,17,0,0,0,5.66,0,0,0
S Bau (PNG),2016-2016,3,1,1,0,11,0,0,0,11,0,0,0
DE Bernard (WI),2009-2009,1,1,4,0,17,0,0,0,4.25,0,0,0
RL Bhudia (Kenya),2007-2007,3,3,7.2,0,78,0,0,0,10.63,0,0,0
NE Bonner (WI),2011-2012,2,1,2,0,18,0,0,0,9,0,0,0
IDR Bradshaw (WI),2006-2006,1,1,4,0,22,0,0,0,5.5,0,0,0
DR Brown (SCOT),2007-2007,2,1,4,0,44,0,0,0,11,0,0,0
DK Butler (WI),2006-2006,1,1,3,0,22,0,0,0,7.33,0,0,0
N Deonarine (WI),2010-2013,8,4,9,0,87,0,0,0,9.66,0,0,0
DM de Silva (SL),2015-2016,4,2,3,0,20,0,0,0,6.66,0,0,0
BJ Diamanti (NZ),2009-2009,1,1,2,0,19,0,0,0,9.5,0,0,0
F du Plessis (SA),2012-2016,35,2,1.2,0,3,0,0,0,2.25,0,0,0
PS Eaglestone (IRE),2010-2010,1,1,2,0,16,0,0,0,8,0,0,0
Ehsan Nawaz (HK),2014-2016,2,2,2,0,23,0,0,0,11.5,0,0,0
Fahad Tariq (UAE),2016-2016,6,2,3,0,26,0,0,0,8.66,0,0,0
N Pradeep (SL),2016-2016,1,1,2,0,12,0,0,0,6,0,0,0
AJ Finch (AUS),2011-2016,28,2,2,0,27,0,0,0,13.5,0,0,0
DR Flynn (NZ),2008-2012,5,1,1,0,7,0,0,0,7,0,0,0
DAS Gunaratne (SL),2016-2016,1,1,2.5,0,22,0,0,0,7.76,0,0,0
MD Gunathilaka (SL),2016-2016,5,1,1,0,9,0,0,0,9,0,0,0
MJ Guptill (NZ),2009-2016,61,1,1,0,11,0,0,0,11,0,0,0
TM Head (AUS),2016-2016,4,1,1,0,9,0,0,0,9,0,0,0
T Henderson (SA),2006-2006,1,1,4,0,31,0,0,0,7.75,0,0,0
H Hiri (PNG),2016-2016,2,1,1,0,5,0,0,0,5,0,0,0
KC Hodsoll (Ber),2008-2008,1,1,1,0,8,0,0,0,8,0,0,0
MEK Hussey (AUS),2005-2012,38,1,1,0,5,0,0,0,5,0,0,0
Jatinder Singh (Oman),2015-2016,11,1,2,0,17,0,0,0,8.5,0,0,0
DPMD Jayawardene (SL),2006-2014,55,1,1,0,8,0,0,0,8,0,0,0
NG Jones (IRE),2010-2012,5,2,2,0,14,0,0,0,7,0,0,0
TP Kamungozi (ZIM),2014-2014,1,1,2,0,17,0,0,0,8.5,0,0,0
M Kartik (INDIA),2007-2007,1,1,4,0,27,0,0,0,6.75,0,0,0
JM Kemp (SA),2005-2007,8,1,1,0,5,0,0,0,5,0,0,0
GE Kidd (IRE),2010-2010,1,1,3,0,32,0,0,0,10.66,0,0,0
RJ Kirtley (ENG),2007-2007,1,1,1,0,17,0,0,0,17,0,0,0
GJP Kruger (SA),2006-2006,1,1,4,0,29,0,0,0,7.25,0,0,0
RDM Leverock (Ber),2008-2008,2,2,5,0,27,0,0,0,5.4,0,0,0
RN Lewis (WI),2008-2008,1,1,1,0,9,0,0,0,9,0,0,0
J Little (IRE),2016-2016,1,1,4,0,25,0,0,0,6.25,0,0,0
NM Lyon (AUS),2016-2016,1,1,1,0,15,0,0,0,15,0,0,0
S Matsikenyeri (ZIM),2006-2012,10,3,2.4,0,23,0,0,0,8.62,0,0,0
GJ McCarter (IRE),2015-2015,3,2,5,0,50,0,0,0,10,0,0,0
A Mehmood (HK),2016-2016,2,1,1,0,12,0,0,0,12,0,0,0
Mehrab Hossain jnr (BDESH),2008-2009,2,1,2.5,0,20,0,0,0,7.05,0,0,0
KO Meth (ZIM),2012-2012,2,2,7,0,64,0,0,0,9.14,0,0,0
TS Mills (ENG),2016-2016,1,1,4,0,22,0,0,0,5.5,0,0,0
Mohammad Tauqir (UAE),2015-2015,3,3,7,1,55,0,0,0,7.85,0,0,0
HJC Mol (Neth),2008-2008,4,1,1.3,0,12,0,0,0,8,0,0,0
Mominul Haque (BDESH),2012-2014,6,2,3,0,32,0,0,0,10.66,0,0,0
Mosaddek Hossain (BDESH),2016-2016,1,1,2,0,10,0,0,0,5,0,0,0
Muktar Ali (BDESH),2016-2016,1,1,2,0,17,0,0,0,8.5,0,0,0
C Munro (NZ),2012-2016,28,2,3,0,30,0,0,0,10,0,0,0
Nasir Aziz (UAE),2015-2015,1,1,4,0,21,0,0,0,5.25,0,0,0
AR Nurse (WI),2011-2015,4,4,13,0,102,0,0,0,7.84,0,0,0
LN Oluoch (Kenya),2013-2013,1,1,2,0,30,0,0,0,15,0,0,0
AK Perera (SL),2013-2014,2,1,1,0,17,0,0,0,17,0,0,0
PDRL Perera (SL),2006-2006,2,2,7,0,77,0,0,0,11,0,0,0
OL Pitcher (Ber),2008-2008,3,1,1,0,7,0,0,0,7,0,0,0
KTGD Prasad (SL),2011-2011,1,1,3,0,37,0,0,0,12.33,0,0,0
EC Rainsford (ZIM),2010-2010,2,2,6,0,67,0,0,0,11.16,0,0,0
Robiul Islam (BDESH),2013-2013,1,1,1,0,13,0,0,0,13,0,0,0
Rumman Raees (PAK),2016-2016,1,1,3,0,10,0,0,0,3.33,0,0,0
Saad Nasim (PAK),2014-2014,3,1,1,0,12,0,0,0,12,0,0,0
Sajedul Islam (BDESH),2013-2013,1,1,1,0,15,0,0,0,15,0,0,0
Saqlain Sajib (BDESH),2016-2016,1,1,3.3,0,40,0,0,0,11.42,0,0,0
V Sehwag (INDIA),2006-2012,19,1,1,0,20,0,0,0,20,0,0,0
Shabbir Ahmed (PAK),2007-2007,1,1,2,0,19,0,0,0,9.5,0,0,0
GC Smith (SA),2005-2011,33,3,4,0,57,0,0,0,14.25,0,0,0
JN Snape (ENG),2007-2007,1,1,1,0,12,0,0,0,12,0,0,0
Sohaib Maqsood (PAK),2013-2016,20,1,1,0,12,0,0,0,12,0,0,0
Soumya Sarkar (BDESH),2015-2016,19,1,1,0,11,0,0,0,11,0,0,0
MP Stoinis (AUS),2015-2015,1,1,1,0,13,0,0,0,13,0,0,0
Suhrawadi Shuvo (BDESH),2010-2010,1,1,1,0,12,0,0,0,12,0,0,0
T Taibu (ZIM),2007-2012,17,2,4,0,41,0,0,0,10.25,0,0,0
RJ Trott (Ber),2008-2008,3,2,6.3,0,42,0,0,0,6.46,0,0,0
TE Tucker (Ber),2008-2008,1,1,2,0,5,0,0,0,2.5,0,0,0
S Tyagi (INDIA),2009-2009,1,1,2,0,21,0,0,0,10.5,0,0,0
JD Unadkat (INDIA),2016-2016,1,1,4,0,43,0,0,0,10.75,0,0,0
Usman Khan (PAK),2013-2013,2,2,5,0,61,0,0,0,12.2,0,0,0
M Vijay (INDIA),2010-2015,9,1,2,0,9,0,0,0,4.5,0,0,0
MN Waller (ZIM),2011-2016,28,1,1,0,4,0,0,0,4,0,0,0
Waqas Khan (HK),2014-2016,5,1,1,0,12,0,0,0,12,0,0,0
JW Wilson (NZ),2005-2005,1,1,4,0,43,0,0,0,10.75,0,0,0
Yasir Shah (PAK),2011-2011,2,2,4,0,39,0,0,0,9.75,0,0,0
