Player,Span,Mat,Inns,NO,Runs,HS,Ave,BF,SR,100,50,0,4s,6s
BB McCullum (NZ),2005-2015,71,70,10,2140,123,35.66,1571,136.21,2,13,3,199,91
TM Dilshan (SL),2006-2016,80,79,12,1889,104,28.19,1567,120.54,1,13,10,223,33
MJ Guptill (NZ),2009-2016,61,59,7,1806,101,34.73,1374,131.44,1,10,2,169,76
Umar Akmal (PAK),2009-2016,82,77,14,1690,94,26.82,1375,122.9,0,8,8,122,55
DA Warner (AUS),2009-2016,63,63,3,1686,90,28.1,1208,139.56,0,12,5,162,74
V Kohli (INDIA),2010-2016,45,41,12,1657,90,57.13,1223,135.48,0,16,0,176,32
JP Duminy (SA),2007-2016,70,64,21,1654,96,38.46,1338,123.61,0,9,6,122,56
Mohammad Hafeez (PAK),2006-2016,77,75,4,1614,86,22.73,1403,115.03,0,9,5,175,39
Shoaib Malik (PAK),2006-2016,82,76,20,1548,75,27.64,1359,113.9,0,5,1,131,32
CH Gayle (WI),2006-2016,50,47,4,1519,117,35.32,1044,145.49,2,13,2,130,98
DPMD Jayawardene (SL),2006-2014,55,55,8,1493,100,31.76,1121,133.18,1,9,4,173,33
SR Watson (AUS),2006-2016,58,56,6,1462,124,29.24,1006,145.32,1,10,3,115,83
EJG Morgan (ENG),2009-2016,64,63,13,1460,85,29.2,1115,130.94,0,7,3,113,62
H Masakadza (ZIM),2006-2016,50,50,2,1413,93,29.43,1180,119.74,0,10,0,131,51
Shahid Afridi (PAK),2006-2016,98,90,12,1405,54,18.01,932,150.75,0,4,8,102,73
KC Sangakkara (SL),2006-2014,56,53,9,1382,78,31.4,1156,119.55,0,8,2,139,20
AB de Villiers (SA),2006-2016,71,68,10,1368,79,23.58,1037,131.91,0,8,5,116,48
Mohammad Shahzad (AFG),2010-2016,48,48,2,1367,118,29.71,1002,136.42,1,9,3,143,55
RG Sharma (INDIA),2007-2016,62,55,12,1364,106,31.72,1054,129.41,1,11,3,120,51
AD Hales (ENG),2011-2016,45,45,5,1257,116,31.42,939,133.86,1,7,4,135,37
LRPL Taylor (NZ),2006-2016,73,65,13,1256,63,24.15,1046,120.07,0,5,4,83,48
SK Raina (INDIA),2006-2016,62,52,11,1203,101,29.34,905,132.92,1,3,2,110,41
MN Samuels (WI),2007-2016,51,49,8,1186,85,28.92,1016,116.73,0,9,0,106,48
KP Pietersen (ENG),2005-2013,37,36,5,1176,79,37.93,831,141.51,0,7,1,119,32
Tamim Iqbal (BDESH),2007-2016,52,52,5,1154,103,24.55,1007,114.59,1,4,3,125,27
DJ Bravo (WI),2006-2016,66,59,12,1142,66,24.29,981,116.41,0,4,4,67,49
Yuvraj Singh (INDIA),2007-2016,55,48,9,1134,77,29.07,828,136.95,0,8,1,75,71
MS Dhoni (INDIA),2006-2016,73,63,32,1112,48,35.87,909,122.33,0,0,1,75,34
Shakib Al Hasan (BDESH),2006-2016,54,54,8,1103,84,23.97,901,122.41,0,6,4,110,27
F du Plessis (SA),2012-2016,35,35,6,1093,119,37.68,824,132.64,1,7,0,101,32
Ahmed Shehzad (PAK),2009-2016,44,44,2,1049,111,24.97,917,114.39,1,5,2,116,24
HM Amla (SA),2009-2016,37,37,5,1008,97,31.5,781,129.06,0,5,1,113,21
AD Mathews (SL),2009-2016,66,52,17,987,81,28.2,820,120.36,0,4,0,65,32
CL White (AUS),2007-2014,47,44,14,984,85,32.8,740,132.97,0,5,3,71,44
GC Smith (SA),2005-2011,33,33,2,982,89,31.67,770,127.53,0,5,1,123,26
AJ Finch (AUS),2011-2016,28,28,3,974,156,38.96,649,150.07,1,6,0,101,42
KS Williamson (NZ),2011-2016,35,33,5,967,72,34.53,778,124.29,0,5,1,115,12
G Gambhir (INDIA),2007-2012,37,36,2,932,75,27.41,783,119.02,0,7,2,109,10
JC Buttler (ENG),2011-2016,50,44,11,928,73,28.12,662,140.18,0,5,2,67,43
Kamran Akmal (PAK),2006-2014,54,49,6,897,73,20.86,745,120.4,0,5,6,90,27
WTS Porterfield (IRE),2008-2016,49,47,6,897,72,21.87,808,111.01,0,3,4,106,17
LMP Simmons (WI),2007-2016,38,37,4,862,82,26.12,740,116.48,0,5,6,83,31
GJ Maxwell (AUS),2012-2016,36,32,4,822,145,29.35,491,167.41,1,3,1,76,44
E Chigumbura (ZIM),2006-2016,47,46,8,789,54,20.76,543,145.3,0,3,5,56,46
DA Miller (SA),2010-2016,46,39,13,789,53,30.34,581,135.8,0,1,0,55,31
Misbah-ul-Haq (PAK),2007-2012,39,34,13,788,87,37.52,715,110.2,0,3,2,45,26
LJ Wright (ENG),2007-2014,51,45,5,759,99,18.97,554,137,0,4,9,68,31
DJ Hussey (AUS),2008-2012,39,36,3,756,88,22.9,623,121.34,0,3,4,41,34
PR Stirling (IRE),2009-2016,37,36,4,751,79,23.46,586,128.15,0,5,5,99,18
KJ Coetzer (SCOT),2008-2016,35,33,2,750,70,24.19,655,114.5,0,2,2,72,25
Q de Kock (SA),2012-2016,29,29,4,742,52,29.68,578,128.37,0,1,2,88,23
KA Pollard (WI),2008-2016,50,44,10,742,63,21.82,537,138.17,0,2,1,53,39
J Charles (WI),2011-2016,34,33,0,724,84,21.93,595,121.68,0,4,4,84,26
MEK Hussey (AUS),2005-2012,38,30,11,721,60,37.94,529,136.29,0,4,1,58,25
RS Bopara (ENG),2008-2014,38,35,10,711,65,28.44,599,118.69,0,3,0,54,17
Mushfiqur Rahim (BDESH),2006-2016,57,49,9,703,50,17.57,627,112.12,0,1,3,58,17
Asghar Stanikzai (AFG),2010-2016,36,32,2,693,62,23.1,664,104.36,0,3,2,41,33
LD Chandimal (SL),2010-2016,45,39,1,687,58,18.07,659,104.24,0,4,0,64,15
Mahmudullah (BDESH),2007-2016,53,46,10,686,64,19.05,593,115.68,0,2,2,50,25
GC Wilson (IRE),2008-2016,46,39,4,673,45,19.22,718,93.73,0,0,4,63,5
JH Kallis (SA),2005-2012,25,23,4,666,73,35.05,558,119.35,0,5,0,56,20
Samiullah Shenwari (AFG),2010-2016,43,38,8,643,61,21.43,538,119.51,0,1,0,48,20
SJ Myburgh (Neth),2012-2016,27,26,2,636,71,26.5,516,123.25,0,5,5,72,21
MDKJ Perera (SL),2013-2016,25,25,0,635,84,25.4,487,130.39,0,5,0,66,23
ST Jayasuriya (SL),2006-2011,31,30,3,629,88,23.29,487,129.15,0,4,4,76,23
NLTC Perera (SL),2010-2016,54,45,17,623,49,22.25,432,144.21,0,0,5,50,29
Mohammad Nabi (AFG),2010-2016,45,42,4,621,52,16.34,473,131.28,0,1,3,39,30
MR Swart (Neth),2012-2016,26,25,2,621,89,27,537,115.64,0,4,1,53,16
PW Borren (Neth),2008-2016,40,35,5,618,57,20.6,505,122.37,0,1,1,58,18
CK Kapugedera (SL),2006-2016,38,34,6,604,48,21.57,511,118.19,0,0,0,47,24
Sabbir Rahman (BDESH),2014-2016,26,25,5,604,80,30.2,502,120.31,0,3,0,60,15
CJ Chibhabha (ZIM),2006-2016,30,29,0,600,67,20.68,552,108.69,0,5,2,71,11
JE Root (ENG),2012-2016,21,19,3,600,90,37.5,437,137.29,0,4,0,64,14
W Barresi (Neth),2012-2016,32,31,4,596,75,22.07,491,121.38,0,3,3,50,19
KJ O'Brien (IRE),2008-2016,52,45,9,596,42,16.55,503,118.48,0,0,8,44,23
Salman Butt (PAK),2007-2010,24,23,2,595,74,28.33,551,107.98,0,3,1,66,10
BRM Taylor (ZIM),2006-2014,26,26,5,594,75,28.28,480,123.75,0,5,4,52,17
RD Berrington (SCOT),2008-2016,36,30,3,590,100,21.85,503,117.29,1,0,5,60,12
PD Collingwood (ENG),2005-2011,35,33,2,583,79,18.8,459,127.01,0,3,3,37,24
DR Smith (WI),2006-2015,33,32,0,582,72,18.18,474,122.78,0,3,1,62,31
SB Styris (NZ),2005-2010,31,29,2,578,66,21.4,483,119.66,0,1,0,40,25
ADS Fletcher (WI),2008-2016,32,31,4,576,84,21.33,540,106.66,0,5,5,39,27
JA Morkel (SA),2005-2015,50,38,11,572,43,21.18,402,142.28,0,0,1,29,39
MN Waller (ZIM),2011-2016,28,27,5,567,68,25.77,414,136.95,0,1,2,38,26
MJ Lumb (ENG),2010-2014,27,27,1,552,63,21.23,413,133.65,0,3,1,64,21
DJG Sammy (WI),2007-2016,66,50,16,534,42,15.7,359,148.74,0,0,3,42,27
C Kieswetter (ENG),2010-2012,25,25,1,526,63,21.91,470,111.91,0,3,2,47,23
Babar Hayat (HK),2014-2016,21,21,4,515,122,30.29,392,131.37,1,2,2,42,20
V Sibanda (ZIM),2007-2016,26,26,1,511,59,20.44,503,101.59,0,1,3,52,11
CO Obuya (Kenya),2007-2013,26,24,6,507,75,28.16,463,109.5,0,3,3,37,10
Karim Sadiq (AFG),2010-2016,34,34,0,505,72,14.85,456,110.74,0,1,4,58,9
SC Williams (ZIM),2006-2016,24,24,2,501,58,22.77,409,122.49,0,3,2,48,8
Imran Nazir (PAK),2007-2012,25,24,1,500,72,21.73,370,135.13,0,3,2,59,22
C Munro (NZ),2012-2016,28,25,5,500,73,25,343,145.77,0,3,1,34,31
MJ Clarke (AUS),2005-2010,34,28,5,488,67,21.21,473,103.17,0,1,2,29,10
Najibullah Zadran (AFG),2012-2016,27,22,6,484,60,30.25,343,141.1,0,1,0,28,25
JDP Oram (NZ),2005-2012,36,30,7,474,66,20.6,339,139.82,0,2,3,38,22
GJ Bailey (AUS),2012-2016,29,25,7,470,63,26.11,334,140.71,0,2,1,37,20
NJ O'Brien (IRE),2008-2016,30,28,2,466,50,17.92,475,98.1,0,1,0,40,7
Noor Ali Zadran (AFG),2010-2016,18,18,1,465,63,27.35,472,98.51,0,3,1,39,4
JEC Franklin (NZ),2006-2013,38,31,8,463,60,20.13,391,118.41,0,2,2,28,23
JD Ryder (NZ),2008-2014,22,21,1,457,62,22.85,358,127.65,0,3,2,47,18
Nawroz Mangal (AFG),2010-2015,30,30,3,454,65,16.81,415,109.39,0,2,4,35,18
Mohammad Ashraful (BDESH),2007-2013,23,23,0,450,65,19.56,356,126.4,0,2,2,48,11
Younis Khan (PAK),2006-2010,25,23,3,442,51,22.1,364,121.42,0,2,2,31,12
SPD Smith (AUS),2010-2016,30,25,5,431,90,21.55,352,122.44,0,2,1,34,11
D Ramdin (WI),2006-2016,58,38,12,421,55,16.19,364,115.65,0,1,2,39,8
PL Mommsen (SCOT),2012-2016,24,19,7,419,68,34.91,329,127.35,0,2,1,32,11
S Dhawan (INDIA),2011-2016,22,22,2,416,60,20.8,367,113.35,0,2,1,49,12
MW Machan (SCOT),2013-2016,13,13,3,407,67,40.7,318,127.98,0,3,0,37,7
EC Joyce (ENG/IRE),2006-2014,18,15,3,405,78,33.75,431,93.96,0,1,0,30,5
TLW Cooper (Neth),2012-2016,18,17,3,404,72,28.85,306,132.02,0,2,2,38,16
BJ Haddin (AUS),2006-2014,34,29,6,402,47,17.47,351,114.52,0,0,2,30,13
RT Ponting (AUS),2005-2009,17,16,2,401,98,28.64,302,132.78,0,2,2,41,11
HH Gibbs (SA),2005-2010,23,23,1,400,90,18.18,318,125.78,0,3,4,45,12
Gulbadin Naib (AFG),2012-2016,29,26,7,397,56,20.89,320,124.06,0,1,2,28,18
V Sehwag (INDIA),2006-2012,19,18,0,394,68,21.88,271,145.38,0,2,1,43,16
Abdul Razzaq (PAK),2006-2013,32,29,10,393,46,20.68,337,116.61,0,0,2,21,21
MS Chapman (HK),2014-2016,19,18,1,392,63,23.05,347,112.96,0,1,0,34,9
Shaiman Anwar (UAE),2014-2016,18,18,1,383,54,22.52,343,111.66,0,1,1,29,15
AM Rahane (INDIA),2011-2016,20,20,2,375,61,20.83,331,113.29,0,1,2,32,6
CS MacLeod (SCOT),2009-2016,24,23,2,372,57,17.71,363,102.47,0,3,3,29,9
Nasir Hossain (BDESH),2011-2016,31,24,4,370,50,18.5,326,113.49,0,2,2,30,7
Mashrafe Mortaza (BDESH),2006-2016,49,35,10,366,36,14.64,266,137.59,0,0,5,27,23
BN Cooper (Neth),2013-2016,23,20,5,365,66,24.33,314,116.24,0,2,2,31,13
Nasir Jamshed (PAK),2012-2013,18,18,1,363,56,21.35,320,113.43,0,2,1,34,12
Shafiqullah (AFG),2010-2016,30,27,8,360,51,18.94,253,142.29,0,1,2,26,21
Sharjeel Khan (PAK),2013-2016,15,15,0,360,59,24,262,137.4,0,2,0,48,13
L Ronchi (AUS/NZ),2008-2016,29,23,6,359,51,21.11,252,142.46,0,1,2,30,14
Anamul Haque (BDESH),2012-2015,13,13,2,355,58,32.27,301,117.94,0,1,1,38,12
OA Shah (ENG),2007-2009,17,15,1,347,55,24.78,284,122.18,0,1,0,26,13
RR Patel (Kenya),2008-2013,22,19,2,345,52,20.29,298,115.77,0,1,1,16,20
AD Russell (WI),2011-2016,43,35,11,345,43,14.37,267,129.21,0,0,6,25,18
SO Tikolo (Kenya),2007-2013,15,15,3,345,56,28.75,281,122.77,0,2,3,46,6
S Chanderpaul (WI),2006-2010,22,22,5,343,41,20.17,347,98.84,0,0,0,34,5
Sikandar Raza (ZIM),2013-2016,26,25,0,341,59,13.64,329,103.64,0,1,0,28,6
Sarfraz Ahmed (PAK),2010-2016,25,16,6,337,76,33.7,274,122.99,0,2,0,35,4
A Symonds (AUS),2005-2009,14,11,4,337,85,48.14,199,169.34,0,2,2,33,10
RJ Nicol (NZ),2010-2013,21,19,0,327,58,17.21,296,110.47,0,2,2,33,11
RR Rossouw (SA),2014-2016,15,14,3,327,78,29.72,237,137.97,0,2,2,29,12
AA Obanda (Kenya),2007-2013,24,22,2,325,79,16.25,299,108.69,0,1,3,43,6
LE Bosman (SA),2006-2010,14,14,1,323,94,24.84,219,147.48,0,3,2,27,20
CJ Anderson (NZ),2012-2016,25,18,2,315,82,19.68,246,128.04,0,1,3,22,14
ML Hayden (AUS),2005-2007,9,9,3,308,73,51.33,214,143.92,0,4,0,37,13
JJ Roy (ENG),2014-2016,16,16,0,308,78,19.25,239,128.87,0,1,3,30,13
MH Cross (SCOT),2013-2016,19,15,1,306,60,21.85,219,139.72,0,1,1,36,11
NL McCullum (NZ),2007-2016,63,41,15,299,36,11.5,297,100.67,0,0,4,19,8
Soumya Sarkar (BDESH),2015-2016,19,19,0,299,48,15.73,267,111.98,0,0,3,35,9
RR Sarwan (WI),2007-2010,18,16,3,298,59,22.92,286,104.19,0,2,1,19,6
Nizakat Khan (HK),2014-2016,20,18,0,295,62,16.38,257,114.78,0,1,3,18,12
HDRL Thirimanne (SL),2012-2016,26,20,2,291,44,16.16,267,108.98,0,0,1,27,5
AN Kervezee (Neth),2009-2012,10,10,1,289,58,32.11,262,110.3,0,2,0,19,6
A Bagai (Can),2008-2013,9,9,2,284,67,40.57,249,114.05,0,2,0,27,0
AC Gilchrist (AUS),2005-2008,13,13,1,272,48,22.66,192,141.66,0,0,0,27,13
Zeeshan Maqsood (Oman),2015-2016,12,11,0,269,52,24.45,208,129.32,0,1,2,36,7
MV Boucher (SA),2005-2010,25,21,6,268,36,17.86,275,97.45,0,0,0,22,2
T Taibu (ZIM),2007-2012,17,15,6,259,45,28.77,257,100.77,0,0,2,19,2
Adnan Ilyas (Oman),2015-2016,12,11,0,258,54,23.45,218,118.34,0,1,0,16,8
SE Marsh (AUS),2008-2016,15,15,1,255,47,18.21,248,102.82,0,0,2,15,10
Mohammad Shahzad (UAE),2015-2016,15,15,2,252,52,19.38,213,118.3,0,1,2,21,10
DT Johnston (IRE),2008-2013,30,19,7,249,62,20.75,184,135.32,0,1,1,13,11
RV Uthappa (INDIA),2007-2015,13,12,2,249,50,24.9,211,118,0,1,1,26,6
Muhammad Usman (UAE),2016-2016,11,11,2,248,49,27.55,226,109.73,0,0,0,27,8
UT Khawaja (AUS),2016-2016,9,9,0,241,58,26.77,182,132.41,0,1,0,31,5
Anshuman Rath (HK),2015-2016,17,16,2,240,41,17.14,285,84.21,0,0,1,23,1
Rohan Mustafa (UAE),2014-2016,16,15,1,240,77,17.14,221,108.59,0,1,1,23,9
MS Wade (AUS),2011-2016,26,17,5,239,72,19.91,218,109.63,0,1,0,11,9
J Mubarak (SL),2007-2009,16,15,4,238,46,21.63,188,126.59,0,0,2,21,8
Rizwan Cheema (Can),2008-2013,16,16,1,238,68,15.86,219,108.67,0,1,3,23,15
Khalid Latif (PAK),2008-2016,13,13,2,237,59,21.54,229,103.49,0,1,1,25,6
P Khadka (Nepal),2014-2015,11,11,1,236,54,23.6,231,102.16,0,1,1,19,1
RE Levi (SA),2012-2012,13,13,2,236,117,21.45,167,141.31,1,1,3,20,15
YK Pathan (INDIA),2007-2012,22,18,5,236,37,18.15,161,146.58,0,0,3,11,17
DM Bravo (WI),2010-2014,12,11,0,235,42,21.36,210,111.9,0,0,2,20,9
ES Szwarczynski (Neth),2008-2013,14,12,1,233,45,21.18,243,95.88,0,0,0,22,2
F Behardien (SA),2012-2016,25,17,7,232,36,23.2,203,114.28,0,0,1,18,5
JF Mooney (IRE),2009-2015,27,23,9,231,31,16.5,214,107.94,0,0,0,25,1
AR Cusack (IRE),2008-2015,37,21,6,229,65,15.26,177,129.37,0,1,1,17,6
CR Ervine (ZIM),2010-2015,16,15,0,229,42,15.26,287,79.79,0,0,1,21,2
Aftab Ahmed (BDESH),2006-2010,11,11,1,228,62,22.8,178,128.08,0,1,0,26,6
T Mishra (Kenya),2007-2013,15,15,0,227,38,15.13,263,86.31,0,0,2,15,4
TAM Siriwardana (SL),2015-2016,17,15,3,225,42,18.75,168,133.92,0,0,2,14,10
MN van Wyk (SA),2007-2015,8,7,1,225,114,37.5,157,143.31,1,1,0,19,14
Sohaib Maqsood (PAK),2013-2016,20,18,2,221,37,13.81,201,109.95,0,0,2,15,8
H Patel (Can),2010-2013,11,11,1,220,88,22,218,100.91,0,1,2,19,2
AD Poynter (IRE),2012-2016,19,14,3,219,57,19.9,184,119.02,0,1,1,21,8
Tanwir Afzal (HK),2014-2016,21,18,2,219,56,13.68,173,126.58,0,1,4,9,15
TT Bresnan (ENG),2006-2014,34,22,9,216,47,16.61,170,127.05,0,0,3,16,6
DO Obuya (Kenya),2007-2012,10,10,2,216,65,27,228,94.73,0,2,1,22,4
Usman Ghani (AFG),2015-2016,9,9,0,216,69,24,199,108.54,0,2,0,26,5
RN ten Doeschate (Neth),2008-2010,9,9,4,214,56,42.8,166,128.91,0,1,0,11,7
RG Aga (Kenya),2008-2013,20,18,2,213,52,13.31,196,108.67,0,1,0,15,5
Amjad Javed (UAE),2014-2016,15,15,2,211,76,16.23,183,115.3,0,1,1,15,10
CA Ingram (SA),2010-2012,9,9,1,210,78,26.25,162,129.62,0,1,1,23,7
DL Vettori (NZ),2007-2014,34,22,6,205,38,12.81,190,107.89,0,0,3,14,2
JM Kemp (SA),2005-2007,8,7,3,203,89,50.75,160,126.87,0,1,0,17,10
DS Smith (WI),2007-2009,6,6,0,203,61,33.83,161,126.08,0,2,0,22,5
JJ Atkinson (HK),2014-2016,13,12,0,202,53,16.83,187,108.02,0,1,3,22,6
R Gunasekera (Can),2012-2013,8,8,0,202,65,25.25,188,107.44,0,1,0,23,4
J Botha (SA),2006-2012,40,20,9,201,34,18.27,165,121.81,0,0,1,15,9
Jatinder Singh (Oman),2015-2016,11,11,0,200,42,18.18,221,90.49,0,0,0,16,1
MM Ali (ENG),2014-2016,19,17,4,199,72,15.3,174,114.36,0,1,6,19,6
S Vesawkar (Nepal),2014-2015,10,10,0,199,40,19.9,209,95.21,0,0,0,16,3
BMAJ Mendis (SL),2011-2013,16,12,3,197,43,21.88,158,124.68,0,0,1,18,5
JM Bairstow (ENG),2011-2016,20,15,4,195,60,17.72,181,107.73,0,1,0,16,5
Fawad Alam (PAK),2007-2010,24,17,6,194,28,17.63,169,114.79,0,0,1,7,7
KMDN Kulasekara (SL),2008-2016,50,26,6,193,31,9.65,163,118.4,0,0,4,11,7
Asad Shafiq (PAK),2010-2012,10,10,0,192,38,19.2,185,103.78,0,0,0,19,2
Mukhtar Ahmed (PAK),2015-2015,6,6,0,192,83,32,134,143.28,0,2,0,23,5
HG Munsey (SCOT),2015-2016,13,11,2,190,62,21.11,135,140.74,0,1,3,35,2
Sohail Tanvir (PAK),2007-2016,54,23,7,190,41,11.87,158,120.25,0,0,2,15,9
SR Patel (ENG),2011-2013,18,14,2,189,67,15.75,173,109.24,0,1,2,17,5
IR Bell (ENG),2006-2014,8,8,1,188,60,26.85,163,115.33,0,1,0,23,2
CD McMillan (NZ),2005-2007,8,7,1,187,57,31.16,117,159.82,0,1,0,8,14
SP Patil (UAE),2014-2016,18,13,0,187,37,14.38,218,85.77,0,0,3,16,4
BJ Hodge (AUS),2007-2014,15,11,4,183,36,26.14,144,127.08,0,0,0,9,7
KL Rahul (INDIA),2016-2016,5,4,2,179,110,89.5,112,159.82,1,0,1,17,8
Nazimuddin (BDESH),2007-2008,7,7,0,178,81,25.42,158,112.65,0,1,2,13,10
LPC Silva (SL),2006-2011,16,15,2,175,38,13.46,177,98.87,0,0,0,19,3
NN Odhiambo (Kenya),2007-2013,24,20,2,174,41,9.66,177,98.3,0,0,3,17,4
L Vincent (NZ),2006-2007,9,9,0,174,42,19.33,174,100,0,0,1,17,3
R Mutumbami (ZIM),2015-2016,14,14,3,173,43,15.72,168,102.97,0,0,1,11,8
IK Pathan (INDIA),2006-2012,24,14,7,172,33,24.57,144,119.44,0,0,0,9,7
M Vijay (INDIA),2010-2015,9,9,0,169,48,18.77,154,109.74,0,0,1,13,8
Khawar Ali (Oman),2015-2016,10,9,0,166,38,18.44,181,91.71,0,0,0,18,5
ME Trescothick (ENG),2005-2006,3,3,0,166,72,55.33,131,126.71,0,2,0,23,1
Umar Gul (PAK),2007-2016,60,27,9,165,32,9.16,156,105.76,0,0,6,11,10
TN de Grooth (Neth),2008-2013,15,13,5,163,49,20.37,155,105.16,0,0,0,16,1
G Malla (Nepal),2014-2015,11,11,0,163,48,14.81,160,101.87,0,0,1,22,2
JM Vince (ENG),2015-2016,5,5,0,163,46,32.6,137,118.97,0,0,0,18,4
Aamir Kaleem (Oman),2015-2016,11,10,2,161,46,20.12,143,112.58,0,0,2,15,3
H Davids (SA),2012-2013,9,9,0,161,68,17.88,134,120.14,0,2,2,18,4
Junaid Siddique (BDESH),2007-2012,7,7,0,159,71,22.71,108,147.22,0,1,1,16,7
RR Watson (SCOT),2007-2010,10,9,0,159,54,17.66,141,112.76,0,1,1,22,1
JL Ontong (SA),2008-2015,14,10,0,158,48,15.8,109,144.95,0,0,1,6,11
Mudassar Bukhari (Neth),2008-2016,38,26,8,157,28,8.72,152,103.28,0,0,1,10,4
GD Elliott (NZ),2009-2016,16,14,4,157,27,15.7,149,105.36,0,0,0,10,2
DSNFG Jayasuriya (SL),2015-2016,11,10,0,157,40,15.7,141,111.34,0,0,0,11,7
Aizaz Khan (HK),2014-2016,20,17,7,153,31,15.3,152,100.65,0,0,1,11,4
HD Rutherford (NZ),2013-2013,7,6,0,151,62,25.16,104,145.19,0,1,0,12,9
BA Stokes (ENG),2011-2016,18,15,4,146,31,13.27,102,143.13,0,0,1,14,6
JP Faulkner (AUS),2012-2016,21,15,6,142,41,15.77,127,111.81,0,0,0,5,5
AC Voges (AUS),2007-2013,7,5,2,139,51,46.33,114,121.92,0,1,0,8,2
IJL Trott (ENG),2007-2010,7,7,1,138,51,23,144,95.83,0,1,0,9,3
KD Mills (NZ),2005-2014,42,19,7,137,33,11.41,123,111.38,0,0,4,11,5
DF Watts (SCOT),2007-2012,11,9,0,137,46,15.22,127,107.87,0,0,2,13,3
AR White (IRE),2008-2012,18,12,6,137,29,22.83,128,107.03,0,0,0,12,2
MR Marsh (AUS),2011-2016,9,9,3,133,36,22.16,104,127.88,0,0,0,6,8
GEF Barnett (Can),2008-2010,5,5,1,131,36,32.75,136,96.32,0,0,0,16,0
WU Tharanga (SL),2006-2012,10,10,0,131,37,13.1,115,113.91,0,0,2,12,3
AC Botha (IRE),2008-2010,14,11,1,130,38,13,141,92.19,0,0,2,12,1
Naeem Islam (BDESH),2008-2013,10,10,1,130,28,14.44,114,114.03,0,0,0,8,7
CJ Jordan (ENG),2014-2016,19,12,4,128,27,16,110,116.36,0,0,0,11,5
Mirwais Ashraf (AFG),2010-2016,25,19,8,128,28,11.63,115,111.3,0,0,2,5,8
CK Coventry (ZIM),2010-2015,13,12,2,127,30,12.7,90,141.11,0,0,2,14,6
PG Fulton (NZ),2006-2012,12,12,1,127,25,11.54,140,90.71,0,0,2,7,6
MA Ouma (Kenya),2007-2013,22,19,1,127,19,7.05,160,79.37,0,0,3,15,1
MJ Prior (ENG),2007-2010,10,8,2,127,32,21.16,100,127,0,0,1,11,5
SP Narine (WI),2012-2016,39,16,8,126,30,15.75,92,136.95,0,0,2,11,5
AJ Redmond (NZ),2009-2010,7,6,0,126,63,21,84,150,0,1,0,19,2
RE van der Merwe (Neth/SA),2009-2016,21,12,5,125,48,17.85,102,122.54,0,0,1,5,7
TWM Latham (NZ),2012-2015,12,9,0,124,26,13.77,121,102.47,0,0,0,9,1
RJ Peterson (SA),2006-2014,21,12,4,124,34,15.5,113,109.73,0,0,1,13,2
AD Mascarenhas (ENG),2007-2009,14,13,5,123,31,15.37,100,123,0,0,3,8,5
RR Hendricks (SA),2014-2015,5,5,0,121,49,24.2,117,103.41,0,0,1,13,1
DR Martyn (AUS),2005-2006,4,4,0,120,96,30,74,162.16,0,1,0,11,5
PJ Moor (ZIM),2016-2016,8,7,2,120,35,24,108,111.11,0,0,0,4,8
DM de Silva (SL),2015-2016,4,4,0,119,62,29.75,105,113.33,0,1,0,8,0
SCJ Broad (ENG),2006-2014,56,26,10,118,18,7.37,118,100,0,0,2,7,3
Ziaur Rahman (BDESH),2012-2014,14,12,3,117,40,13,91,128.57,0,0,3,3,10
Babar Azam (PAK),2016-2016,4,4,3,116,55,116,90,128.88,0,1,0,11,2
Shahzaib Hasan (PAK),2009-2010,10,10,0,116,35,11.6,130,89.23,0,0,3,13,3
A Vala (PNG),2015-2016,6,6,1,116,34,23.2,130,89.23,0,0,0,10,3
DL Maddy (ENG),2007-2007,4,4,0,113,50,28.25,80,141.25,0,1,0,12,3
R Ashwin (INDIA),2010-2016,45,10,6,112,31,28,108,103.7,0,0,0,13,1
SP Khakurel (Nepal),2014-2015,8,8,0,112,56,14,139,80.57,0,1,0,10,1
MD Shanaka (SL),2015-2016,11,11,1,112,27,11.2,113,99.11,0,0,1,5,8
AP Devcich (NZ),2013-2014,4,4,0,111,59,27.75,79,140.5,0,1,0,17,2
E Lewis (WI),2016-2016,5,5,0,111,100,22.2,71,156.33,1,0,1,6,9
SP Fleming (NZ),2005-2006,5,5,0,110,38,22,85,129.41,0,0,0,20,0
Anwar Ali (PAK),2008-2016,16,11,4,109,46,15.57,77,141.55,0,0,0,6,6
MG Johnson (AUS),2007-2013,30,17,7,109,28,10.9,95,114.73,0,0,2,8,3
Harbhajan Singh (INDIA),2006-2016,28,13,5,108,21,13.5,87,124.13,0,0,1,11,4
B Zuiderent (Neth),2009-2010,6,6,1,108,43,21.6,124,87.09,0,0,0,8,1
Mohammad Rizwan (PAK),2015-2016,10,7,1,106,33,17.66,109,97.24,0,0,0,9,1
JR Hopes (AUS),2005-2010,12,7,2,105,30,21,98,107.14,0,0,0,7,1
WD Parnell (SA),2009-2015,35,9,6,104,29,34.66,85,122.35,0,0,0,9,3
GP Swann (ENG),2008-2012,39,16,11,104,34,20.8,89,116.85,0,0,2,9,1
RA Jadeja (INDIA),2009-2016,39,17,5,103,25,8.58,116,88.79,0,0,2,6,1
SM Davies (ENG),2009-2011,5,5,0,102,33,20.4,82,124.39,0,0,0,12,0
MA Leask (SCOT),2013-2016,13,9,0,102,58,11.33,96,106.25,0,1,1,7,5
JDS Neesham (NZ),2012-2015,13,10,3,102,28,14.57,76,134.21,0,0,1,12,3
B Lee (AUS),2005-2012,25,12,6,101,43,16.83,71,142.25,0,0,2,9,4
Wahab Riaz (PAK),2008-2016,23,12,4,101,30,12.62,95,106.31,0,0,2,8,3
S Dhaniram (Can),2008-2010,11,9,0,100,26,11.11,123,81.3,0,0,0,6,2
KD Karthik (INDIA),2006-2010,9,8,2,100,31,16.66,88,113.63,0,0,1,14,1
SW Billings (ENG),2015-2016,7,6,0,99,53,16.5,66,150,0,1,0,9,4
CR Brathwaite (WI),2011-2016,13,9,2,99,34,14.14,60,165,0,0,1,5,9
Amir Ali (Oman),2015-2016,10,8,3,97,32,19.4,65,149.23,0,0,0,11,2
NR Kumar (Can),2012-2013,6,6,0,97,38,16.16,95,102.1,0,0,0,10,1
Muhammad Kaleem (UAE),2016-2016,9,9,0,97,50,10.77,116,83.62,0,1,1,9,3
AM Samad (Can),2008-2010,7,6,0,97,29,16.16,88,110.22,0,0,1,8,4
XM Marshall (WI),2008-2009,6,6,0,96,36,16,77,124.67,0,0,1,8,4
RS Morton (WI),2006-2010,7,7,1,96,40,16,103,93.2,0,0,1,8,2
MJG Rippon (Neth),2013-2016,14,7,3,96,25,24,91,105.49,0,0,1,4,1
MH Yardy (ENG),2006-2011,14,8,5,96,35,32,72,133.33,0,0,3,9,1
TM Odoyo (Kenya),2007-2013,11,10,0,95,22,9.5,119,79.83,0,0,1,6,2
NS Poonia (SCOT),2007-2010,8,7,2,95,38,19,108,87.96,0,0,2,3,1
JH Stander (SCOT),2009-2012,11,11,2,94,45,10.44,90,104.44,0,0,3,6,4
P Utseya (ZIM),2006-2015,35,21,9,94,13,7.83,115,81.73,0,0,3,6,1
Mohammad Naveed (UAE),2015-2016,14,12,5,92,19,13.14,88,104.54,0,0,1,8,4
MC Sorensen (IRE),2012-2016,26,11,6,92,26,18.4,79,116.45,0,0,1,4,3
D Wiese (SA),2013-2016,20,11,4,92,28,13.14,75,122.66,0,0,1,4,3
Yasir Arafat (PAK),2007-2012,13,11,4,92,17,13.14,79,116.45,0,0,0,8,2
MD Gunathilaka (SL),2016-2016,5,5,0,91,46,18.2,76,119.73,0,0,0,8,3
KM Jadhav (INDIA),2015-2016,5,4,0,91,58,22.75,68,133.82,0,1,0,9,2
Raees Ahmadzai (AFG),2010-2010,8,6,3,91,33,30.33,84,108.33,0,0,0,5,1
Saeed Ajmal (PAK),2009-2015,64,23,12,91,21,8.27,86,105.81,0,0,3,7,2
CR Woakes (ENG),2011-2015,8,7,4,91,37,30.33,63,144.44,0,0,1,4,5
CJA Amini (PNG),2015-2016,6,5,1,90,37,22.5,97,92.78,0,0,0,4,1
GM Hamilton (SCOT),2007-2010,12,8,0,90,32,11.25,110,81.81,0,0,0,6,1
Sagar Pun (Nepal),2014-2015,9,9,0,90,20,10,100,90,0,0,0,13,0
DLS van Bunge (Neth),2008-2013,14,12,4,90,24,11.25,104,86.53,0,0,2,2,3
GH Worker (NZ),2015-2015,2,2,0,90,62,45,64,140.62,0,1,0,6,5
Mandeep Singh (INDIA),2016-2016,3,3,1,87,52,43.5,73,119.17,0,1,0,11,1
DI Allan (Kenya),2012-2013,10,10,0,86,18,8.6,135,63.7,0,0,0,7,0
GJ Hopkins (NZ),2007-2010,10,8,0,86,36,10.75,71,121.12,0,0,0,5,5
Imad Wasim (PAK),2015-2016,15,9,4,86,24,17.2,55,156.36,0,0,2,6,4
T Maruma (ZIM),2008-2016,10,10,4,86,23,14.33,83,103.61,0,0,1,6,3
SM Pollock (SA),2005-2008,12,9,2,86,36,12.28,70,122.85,0,0,3,4,4
Shamsur Rahman (BDESH),2013-2014,9,8,0,86,53,10.75,85,101.17,0,1,2,12,1
Sultan Ahmed (Oman),2015-2016,13,9,2,86,37,12.28,68,126.47,0,0,3,12,0
Mohammad Mithun (BDESH),2014-2016,12,8,0,85,47,10.62,93,91.39,0,0,2,6,3
Sompal Kami (Nepal),2014-2015,11,7,2,85,40,17,78,108.97,0,0,0,9,3
RML Taylor (SCOT),2013-2016,9,6,3,85,41,28.33,58,146.55,0,0,0,6,4
A Balbirnie (IRE),2015-2016,10,7,0,84,31,12,94,89.36,0,0,1,9,0
JE Taylor (WI),2006-2016,23,12,6,84,21,14,75,112,0,0,1,7,3
JK Kamande (Kenya),2007-2010,12,9,0,83,42,9.22,92,90.21,0,0,2,5,3
N Vanua (PNG),2015-2016,6,5,3,83,28,41.5,48,172.91,0,0,0,3,7
AS Hansra (Can),2012-2013,8,8,2,82,30,13.66,85,96.47,0,0,0,4,3
TM Head (AUS),2016-2016,4,4,1,82,45,27.33,52,157.69,0,0,0,5,5
SW Poynter (IRE),2015-2016,10,8,0,82,35,10.25,87,94.25,0,0,0,5,2
Faizan Asif (UAE),2014-2015,6,6,0,80,28,13.33,64,125,0,0,0,9,3
Waqas Barkat (HK),2014-2016,10,8,1,80,32,11.42,92,86.95,0,0,1,10,0
CD Barnwell (WI),2011-2013,6,6,2,78,34,19.5,62,125.8,0,0,1,4,4
HH Pandya (INDIA),2016-2016,16,7,0,78,31,11.14,56,139.28,0,0,1,7,4
DAJ Bracewell (NZ),2011-2015,14,8,5,77,21,25.66,56,137.5,0,0,1,5,4
KD Shah (HK),2014-2016,15,11,2,77,29,8.55,98,78.57,0,0,3,7,1
ML Udawatte (SL),2008-2009,5,5,0,77,25,15.4,64,120.31,0,0,1,8,2
A Flintoff (ENG),2005-2007,7,7,1,76,31,12.66,60,126.66,0,0,1,7,2
Imran Farhat (PAK),2010-2011,7,7,0,76,19,10.85,70,108.57,0,0,1,14,0
Irfan Ahmed (HK),2014-2015,8,8,0,76,34,9.5,83,91.56,0,0,2,4,6
NFI McCallum (SCOT),2007-2010,11,7,0,76,38,10.85,85,89.41,0,0,3,7,1
S Matsikenyeri (ZIM),2006-2012,10,10,0,76,32,7.6,82,92.68,0,0,2,6,3
VS Solanki (ENG),2005-2007,3,3,0,76,43,25.33,61,124.59,0,0,0,10,1
Umar Amin (PAK),2013-2014,10,6,0,76,47,12.66,72,105.55,0,0,2,12,0
TG Southee (NZ),2008-2015,38,15,5,75,23,7.5,69,108.69,0,0,2,6,3
NJ Astle (NZ),2005-2006,4,4,1,74,40,24.66,67,110.44,0,0,0,7,2
KO Otieno (Kenya),2008-2008,4,4,0,74,40,18.5,79,93.67,0,0,0,5,2
Khurram Khan (UAE),2014-2014,3,3,0,73,31,24.33,73,100,0,0,0,8,0
AJ Strauss (ENG),2005-2009,4,4,0,73,33,18.25,64,114.06,0,0,1,9,0
DJ Willey (ENG),2015-2016,12,8,3,73,21,14.6,59,123.72,0,0,1,2,5
Farhad Reza (BDESH),2006-2014,13,9,0,72,19,8,88,81.81,0,0,1,4,2
SL Malinga (SL),2006-2016,62,18,7,71,27,6.45,87,81.6,0,0,4,3,3
Awais Zia (PAK),2012-2014,5,5,0,70,23,14,80,87.5,0,0,0,4,3
SM Katich (AUS),2005-2006,3,2,0,69,39,34.5,47,146.8,0,0,0,8,2
Mehran Khan (Oman),2015-2016,11,8,2,69,28,11.5,64,107.81,0,0,0,4,3
SR Thompson (IRE),2014-2016,17,11,3,69,26,8.62,64,107.81,0,0,1,6,2
TM Dowlin (WI),2009-2010,2,2,1,68,37,68,69,98.55,0,0,0,8,0
NT Broom (NZ),2009-2013,10,6,1,67,36,13.4,61,109.83,0,0,0,7,1
Imrul Kayes (BDESH),2010-2016,8,8,0,67,22,8.37,89,75.28,0,0,2,8,2
MK Pandey (INDIA),2015-2016,6,4,0,67,48,16.75,58,115.51,0,0,2,2,4
AG Cremer (ZIM),2008-2016,27,18,6,65,17,5.41,93,69.89,0,0,2,2,0
CA Lynn (AUS),2014-2016,5,4,1,65,33,21.66,48,135.41,0,0,0,3,4
Shoaib Khan jnr (PAK),2008-2008,4,4,0,65,50,16.25,74,87.83,0,1,1,7,0
RM Haq (SCOT),2007-2013,21,12,7,64,21,12.8,96,66.66,0,0,1,2,1
DP Hyatt (WI),2011-2012,5,5,1,64,28,16,54,118.51,0,0,0,4,4
DJ Reekers (Neth),2008-2009,6,5,0,64,29,12.8,49,130.61,0,0,1,10,2
CD Wallace (SCOT),2012-2015,8,5,3,63,26,31.5,49,128.57,0,0,0,7,0
AR Patel (INDIA),2015-2016,7,5,2,62,20,20.66,50,124,0,0,0,2,3
AN Cook (ENG),2007-2009,4,4,0,61,26,15.25,54,112.96,0,0,0,10,0
PD McGlashan (NZ),2006-2010,11,9,1,61,26,7.62,64,95.31,0,0,0,6,2
PM Seelaar (Neth),2008-2016,36,15,4,61,9,5.54,71,85.91,0,0,1,3,1
JWM Dalrymple (ENG),2006-2007,3,3,0,60,32,20,57,105.26,0,0,0,6,0
LM Jongwe (ZIM),2015-2016,8,7,0,60,34,8.57,65,92.3,0,0,2,4,1
N Madziva (ZIM),2015-2016,9,7,4,60,28,20,50,120,0,0,1,4,3
Mominul Haque (BDESH),2012-2014,6,4,1,60,26,20,50,120,0,0,0,5,2
P Mustard (ENG),2008-2008,2,2,0,60,40,30,37,162.16,0,0,0,5,4
Zeeshan Siddiqui (Oman),2015-2015,5,5,1,60,33,15,63,95.23,0,0,0,7,0
PS Airee (Nepal),2015-2015,7,7,0,59,29,8.42,53,111.32,0,0,3,8,0
Dawlat Zadran (AFG),2012-2016,29,15,7,59,13,7.37,37,159.45,0,0,3,4,5
DR Flynn (NZ),2008-2012,5,5,0,59,23,11.8,51,115.68,0,0,0,1,4
CJO Smith (SCOT),2007-2009,8,6,1,58,46,11.6,54,107.4,0,0,3,6,0
Alok Kapali (BDESH),2007-2011,7,7,2,57,19,11.4,85,67.05,0,0,2,3,1
Sohag Gazi (BDESH),2012-2015,10,7,3,57,24,14.25,59,96.61,0,0,0,3,1
JM How (NZ),2007-2008,5,5,0,56,31,11.2,67,83.58,0,0,0,5,1
SMSM Senanayake (SL),2012-2016,24,12,6,56,17,9.33,66,84.84,0,0,2,3,1
N Deonarine (WI),2010-2013,8,7,2,55,36,11,53,103.77,0,0,3,5,0
GB Hogg (AUS),2006-2014,15,4,0,55,41,13.75,39,141.02,0,0,0,3,3
SO Ngoche (Kenya),2010-2013,19,12,4,55,38,6.87,70,78.57,0,0,2,2,2
HS Baidwan (Can),2008-2013,17,11,2,54,21,6,52,103.84,0,0,4,4,1
GD Drummond (SCOT),2008-2013,17,7,0,54,35,7.71,65,83.07,0,0,2,3,0
Nurul Hasan (BDESH),2016-2016,6,5,2,54,30,18,43,125.58,0,0,1,7,0
Usman Limbada (Can),2010-2013,7,3,2,53,21,53,41,129.26,0,0,0,6,0
RP Magar (Nepal),2014-2015,6,6,0,52,25,8.66,89,58.42,0,0,1,0,3
S Prasanna (SL),2013-2016,8,8,2,52,21,8.66,46,113.04,0,0,0,4,2
IS Billcliff (Can),2010-2010,2,2,0,51,37,25.5,39,130.76,0,0,0,3,2
NM Coulter-Nile (AUS),2013-2016,17,7,2,51,16,10.2,43,118.6,0,0,2,1,5
TGJ Gruijters (Neth),2012-2013,8,5,3,51,21,25.5,47,108.51,0,0,0,3,1
Raqibul Hasan (BDESH),2008-2010,5,5,0,51,18,10.2,62,82.25,0,0,0,3,1
HA Varaiya (Kenya),2007-2013,25,12,11,51,18,51,81,62.96,0,0,0,1,0
Hamid Hassan (AFG),2010-2016,22,9,6,50,22,16.66,46,108.69,0,0,0,3,2
Mohammad Yousuf (PAK),2006-2010,3,3,0,50,26,16.66,43,116.27,0,0,0,5,1
U Bhatti (Can),2008-2010,7,7,3,49,12,12.25,48,102.08,0,0,0,3,1
CU Jayasinghe (SL),2009-2010,5,3,2,49,38,49,49,100,0,0,0,3,1
Liton Das (BDESH),2015-2015,3,3,0,49,22,16.33,45,108.88,0,0,0,3,1
SD Outerbridge (Ber),2008-2008,3,3,1,49,37,24.5,51,96.07,0,0,0,2,1
DA Rankin (IRE),2015-2016,2,2,0,49,34,24.5,54,90.74,0,0,0,3,2
Rashid Khan (AFG),2015-2016,14,5,3,49,15,24.5,36,136.11,0,0,0,4,3
K Weeraratne (SL),2008-2009,5,5,2,49,20,16.33,45,108.88,0,0,0,4,1
BKG Mendis (SL),2016-2016,3,3,0,48,22,16,36,133.33,0,0,0,3,3
S Bau (PNG),2016-2016,3,3,0,47,25,15.66,46,102.17,0,0,1,0,3
Junaid Siddiqui (Can),2012-2013,8,6,2,47,21,11.75,39,120.51,0,0,1,2,2
IA Karim (Kenya),2013-2013,7,7,0,47,15,6.71,82,57.31,0,0,2,2,1
KM Dabengwa (ZIM),2006-2010,8,7,3,46,16,11.5,40,115,0,0,0,4,2
JW Hastings (AUS),2010-2016,9,6,2,46,15,11.5,37,124.32,0,0,0,3,1
MM Iqbal (SCOT),2012-2013,6,3,0,46,31,15.33,45,102.22,0,0,0,4,1
NM Odhiambo (Kenya),2010-2013,8,5,2,46,26,15.33,72,63.88,0,0,1,4,1
JJ van der Wath (SA),2006-2007,8,4,1,46,21,15.33,39,117.94,0,0,0,3,1
MD Dai (PNG),2015-2016,6,5,0,45,19,9,70,64.28,0,0,0,1,0
JH Davey (SCOT),2012-2016,11,5,1,45,24,11.25,34,132.35,0,0,0,2,2
Haris Sohail (PAK),2013-2015,4,4,1,45,30,15,49,91.83,0,0,0,1,1
Haseeb Amjad (HK),2014-2016,18,10,6,45,12,11.25,45,100,0,0,0,3,1
JM Davison (Can),2008-2010,5,5,0,44,19,8.8,40,110,0,0,2,2,3
CH Morris (SA),2012-2016,11,5,2,44,17,14.66,39,112.82,0,0,1,4,1
Saad Nasim (PAK),2014-2014,3,2,0,44,25,22,53,83.01,0,0,0,0,1
GJ Thompson (IRE),2016-2016,1,1,0,44,44,44,32,137.5,0,0,0,7,0
S Badrinath (INDIA),2011-2011,1,1,0,43,43,43,37,116.21,0,0,0,5,0
NO Miller (WI),2009-2014,9,5,4,43,15,43,47,91.48,0,0,0,2,0
SM Sharif (SCOT),2012-2016,20,8,3,43,26,8.6,38,113.15,0,0,2,4,0
TP Ura (PNG),2015-2015,3,3,0,43,32,14.33,38,113.15,0,0,0,5,1
Amjad Ali (UAE),2014-2015,5,5,1,42,20,10.5,52,80.76,0,0,0,6,0
NG Jones (IRE),2010-2012,5,4,2,42,14,21,38,110.52,0,0,1,1,2
AT Rayudu (INDIA),2014-2016,6,5,1,42,20,10.5,50,84,0,0,2,5,0
Abdur Razzak (BDESH),2006-2014,34,20,10,41,9,4.1,74,55.4,0,0,5,1,0
K Jethi (Can),2008-2008,5,5,1,41,24,10.25,59,69.49,0,0,1,0,2
Mohammad Amir (PAK),2009-2016,31,8,3,41,21,8.2,51,80.39,0,0,1,1,2
K Pala (PNG),2015-2015,2,2,1,41,22,41,30,136.66,0,0,0,4,2
GH Dockrell (IRE),2010-2016,39,10,3,40,10,5.71,41,97.56,0,0,3,2,1
MJ Santner (NZ),2015-2016,10,7,1,40,18,6.66,47,85.1,0,0,1,3,0
KDK Vithanage (SL),2014-2016,3,3,0,40,38,13.33,34,117.64,0,0,0,7,0
RR David (Can),2008-2008,4,4,0,39,17,9.75,65,60,0,0,0,2,1
BR Dunk (AUS),2014-2014,3,3,0,39,23,13,34,114.7,0,0,0,3,1
EMDY Munaweera (SL),2012-2013,4,4,1,39,17,13,42,92.85,0,0,0,5,0
Munir Dar (HK),2014-2014,2,2,0,39,36,19.5,33,118.18,0,0,0,3,1
Rafatullah Mohmand (PAK),2015-2015,3,3,0,39,23,13,45,86.66,0,0,1,4,0
RI Ahmed (Neth),2015-2015,2,2,0,38,25,19,50,76,0,0,0,2,0
C Carter (HK),2015-2016,8,4,1,38,15,12.66,42,90.47,0,0,0,3,0
R Flannigan (SCOT),2012-2012,4,4,1,38,18,12.66,33,115.15,0,0,1,4,0
AV Lalcheta (Oman),2015-2016,11,5,2,38,16,12.66,29,131.03,0,0,0,6,0
NJ Maddinson (AUS),2013-2014,2,2,0,38,34,19,22,172.72,0,0,0,6,1
D Mongia (INDIA),2006-2006,1,1,0,38,38,38,45,84.44,0,0,0,4,1
F Mutizwa (ZIM),2011-2012,3,3,0,38,22,12.66,36,105.55,0,0,1,3,0
BJ Watling (NZ),2009-2014,5,4,0,38,22,9.5,58,65.51,0,0,0,3,0
SJ Benn (WI),2008-2016,24,7,4,37,13,12.33,42,88.09,0,0,1,5,1
JS Foster (ENG),2009-2009,5,5,2,37,14,12.33,32,115.62,0,0,0,0,1
RM Hira (NZ),2012-2013,15,3,1,37,20,18.5,33,112.12,0,0,0,4,1
RJ Campbell (HK),2016-2016,3,3,0,36,27,12,47,76.59,0,0,1,6,0
PA Patel (INDIA),2011-2011,2,2,0,36,26,18,32,112.5,0,0,0,4,1
Aaqib Sulehri (Oman),2015-2016,5,5,1,35,16,8.75,41,85.36,0,0,0,5,0
STR Binny (INDIA),2015-2016,3,2,0,35,24,17.5,29,120.68,0,0,0,2,1
BCJ Cutting (AUS),2013-2014,4,3,0,35,29,11.66,23,152.17,0,0,1,1,3
VV Morea (PNG),2015-2016,4,4,0,35,19,8.75,41,85.36,0,0,0,4,0
D Murphy (SCOT),2013-2013,4,4,3,35,20,35,35,100,0,0,0,1,0
MP O'Dowd (Neth),2015-2016,5,4,1,35,17,11.66,39,89.74,0,0,0,1,1
Shuvagata Hom (BDESH),2016-2016,5,4,2,35,16,17.5,35,100,0,0,0,3,1
Arafat Sunny (BDESH),2014-2016,10,6,3,34,10,11.33,30,113.33,0,0,0,3,1
Hammad Azam (PAK),2012-2013,5,4,1,34,21,11.33,34,100,0,0,0,3,1
JD Nel (SCOT),2007-2010,10,5,2,34,13,11.33,25,136,0,0,1,3,1
OL Pitcher (Ber),2008-2008,3,3,0,34,15,11.33,53,64.15,0,0,0,1,0
T van der Gugten (Neth),2012-2016,22,5,2,34,12,11.33,29,117.24,0,0,0,1,2
GO Jones (ENG),2005-2006,2,2,1,33,19,33,25,132,0,0,0,5,0
MF Maharoof (SL),2006-2016,8,5,1,33,13,8.25,43,76.74,0,0,1,0,1
RJMGM Rupasinghe (SL),2009-2009,2,2,0,33,18,16.5,39,84.61,0,0,0,2,0
WPUJC Vaas (SL),2006-2007,6,2,1,33,21,33,41,80.48,0,0,0,1,0
WD Balaji Rao (Can),2008-2008,4,4,1,32,22,10.66,30,106.66,0,0,1,1,2
SE Findlay (WI),2008-2008,2,2,0,32,19,16,31,103.22,0,0,0,4,0
TG Gordon (Can),2012-2012,3,3,0,32,23,10.66,37,86.48,0,0,0,3,0
GA Lamb (ZIM),2010-2010,5,4,2,32,14,16,54,59.25,0,0,1,1,0
AR McBrine (IRE),2014-2016,12,5,3,32,10,16,26,123.07,0,0,0,3,0
SNJ O'Keefe (AUS),2010-2011,7,5,0,32,22,6.4,26,123.07,0,0,0,4,1
J Theron (SA),2010-2012,9,3,3,32,31,0,21,152.38,0,0,0,3,1
JC Tredwell (ENG),2012-2014,17,6,3,32,22,10.66,20,160,0,0,1,4,1
B Bhandari (Nepal),2014-2015,10,10,2,31,13,3.87,51,60.78,0,0,1,3,0
TR Birt (AUS),2010-2012,4,3,0,31,17,10.33,33,93.93,0,0,0,3,1
R Dravid (INDIA),2011-2011,1,1,0,31,31,31,21,147.61,0,0,0,0,3
Jahurul Islam (BDESH),2010-2013,3,3,0,31,18,10.33,23,134.78,0,0,0,3,1
PA Nixon (ENG),2007-2007,1,1,1,31,31,0,22,140.9,0,0,0,2,1
H Osinde (Can),2008-2013,11,6,2,31,17,7.75,34,91.17,0,0,0,1,2
WW Hinds (WI),2006-2010,5,5,1,30,14,7.5,41,73.17,0,0,1,3,0
Ehsan Khan (HK),2016-2016,1,1,1,29,29,0,22,131.81,0,0,0,2,1
WB Rankin (ENG/IRE),2009-2016,22,5,4,29,16,29,28,103.57,0,0,0,2,1
Abdul Shakoor (UAE),2015-2015,4,3,1,28,20,14,34,82.35,0,0,0,2,0
S Badree (WI),2012-2016,32,8,5,28,14,9.33,43,65.11,0,0,0,1,0
TE Kane (IRE),2015-2015,5,2,1,28,26,28,20,140,0,0,0,3,0
A Nehra (INDIA),2009-2016,23,5,0,28,22,5.6,39,71.79,0,0,3,1,2
PJ Ongondo (Kenya),2007-2008,8,6,0,28,16,4.66,23,121.73,0,0,2,1,2
AU Rashid (ENG),2009-2016,20,8,5,28,9,9.33,37,75.67,0,0,0,1,0
NE Bonner (WI),2011-2012,2,2,0,27,24,13.5,38,71.05,0,0,0,2,0
Mohammad Iqbal (Can),2008-2008,3,3,0,27,22,9,39,69.23,0,0,0,1,0
Nadeem Ahmed (HK),2014-2016,21,8,4,27,10,6.75,39,69.23,0,0,1,2,0
Nadif Chowdhury (BDESH),2006-2007,3,3,0,27,12,9,23,117.39,0,0,0,2,0
MP Vaughan (ENG),2005-2007,2,2,0,27,27,13.5,22,122.72,0,0,1,4,0
Zulfiqar Babar (PAK),2013-2014,7,3,3,27,13,0,27,100,0,0,0,2,1
D Ganga (WI),2006-2006,1,1,0,26,26,26,31,83.87,0,0,0,3,1
Hamza Tariq (Can),2013-2013,3,2,0,26,22,13,23,113.04,0,0,0,0,2
TJ Murtagh (IRE),2012-2016,14,5,3,26,12,13,25,104,0,0,0,0,1
Shapoor Zadran (AFG),2010-2016,27,12,5,26,13,3.71,63,41.26,0,0,3,0,3
RA Bhatti (Can),2012-2012,4,4,1,25,11,8.33,37,67.56,0,0,1,1,0
PJ Cummins (AUS),2011-2015,15,8,2,25,13,4.16,31,80.64,0,0,2,1,1
AM Ellis (NZ),2012-2013,5,5,2,25,16,8.33,21,119.04,0,0,0,1,1
CRD Fernando (SL),2006-2016,18,7,2,25,21,5,27,92.59,0,0,2,4,0
G Goudie (SCOT),2010-2013,9,6,2,25,9,6.25,20,125,0,0,0,2,1
RK Kleinveldt (SA),2008-2013,6,3,2,25,22,25,10,250,0,0,0,1,3
PM Nevill (AUS),2016-2016,9,5,4,25,10,25,11,227.27,0,0,0,1,2
N Pooran (WI),2016-2016,3,3,0,25,16,8.33,22,113.63,0,0,0,2,1
Raza-ur-Rehman (Can),2012-2013,5,4,0,25,10,6.25,29,86.2,0,0,0,3,0
Shahriar Nafees (BDESH),2006-2006,1,1,0,25,25,25,17,147.05,0,0,0,3,1
Waqas Khan (HK),2014-2016,5,4,2,25,19,12.5,42,59.52,0,0,1,1,0
MRJ Watt (SCOT),2015-2016,14,5,3,25,11,12.5,17,147.05,0,0,1,2,1
Amjad Gul (UAE),2015-2015,1,1,0,24,24,24,21,114.28,0,0,0,3,1
JW Dernbach (ENG),2011-2014,34,7,2,24,12,4.8,21,114.28,0,0,1,3,0
JN Gillespie (AUS),2005-2005,1,1,0,24,24,24,18,133.33,0,0,0,4,0
Rameez Raja (2) (PAK),2011-2011,2,2,0,24,23,12,29,82.75,0,0,0,2,0
CP Schofield (ENG),2007-2007,4,4,3,24,9,24,20,120,0,0,0,2,0
C Zhuwao (ZIM),2008-2011,5,5,0,24,12,4.8,39,61.53,0,0,3,4,0
KJ Abbott (SA),2013-2016,21,6,4,23,9,11.5,20,115,0,0,0,2,0
AB Barath (WI),2010-2011,2,2,0,23,15,11.5,39,58.97,0,0,0,3,0
Bilawal Bhatti (PAK),2013-2015,9,4,2,23,13,11.5,14,164.28,0,0,1,2,1
T Panyangara (ZIM),2013-2016,14,5,4,23,17,23,17,135.29,0,0,0,1,2
JNT Vare (PNG),2015-2016,5,4,0,23,13,5.75,23,100,0,0,0,2,0
Zulqarnain Haider (PAK),2007-2010,3,3,0,23,17,7.66,30,76.66,0,0,0,1,0
Abdur Rehman (PAK),2007-2013,8,5,3,22,7,11,29,75.86,0,0,0,0,0
Ahmed Raza (UAE),2014-2016,13,5,2,22,9,7.33,41,53.65,0,0,1,0,1
AB Dinda (INDIA),2009-2012,9,2,1,22,19,22,24,91.66,0,0,0,1,0
PJ Ingram (NZ),2010-2010,3,3,1,22,20,11,35,62.85,0,0,1,3,0
WP Masakadza (ZIM),2015-2016,7,5,3,22,6,11,27,81.48,0,0,0,2,0
DP Nannes (AUS/Neth),2009-2010,17,5,3,22,12,11,18,122.22,0,0,0,1,1
E Otieno (Kenya),2012-2013,10,5,1,22,8,5.5,43,51.16,0,0,0,0,1
TD Paine (AUS),2009-2011,5,3,0,22,21,7.33,18,122.22,0,0,1,2,1
B Regmi (Nepal),2014-2015,11,9,3,22,11,3.66,52,42.3,0,0,1,2,0
FL Reifer (WI),2009-2009,1,1,0,22,22,22,20,110,0,0,0,2,1
L Siaka (PNG),2015-2016,6,6,0,22,8,3.66,36,61.11,0,0,1,1,1
Umair Ali (UAE),2015-2015,3,3,2,22,13,22,18,122.22,0,0,0,2,1
Anas Khan (HK),2014-2014,1,1,1,21,21,0,28,75,0,0,0,2,0
SE Bond (NZ),2005-2010,20,8,3,21,8,4.2,21,100,0,0,2,2,0
MR Gillespie (NZ),2006-2008,11,6,4,21,7,10.5,29,72.41,0,0,0,0,0
Kamran Shazad (UAE),2014-2014,3,2,0,21,21,10.5,17,123.52,0,0,1,1,2
AF Milne (NZ),2010-2016,18,7,7,21,10,0,23,91.3,0,0,0,1,0
Mohammad Sami (PAK),2010-2016,13,4,3,21,8,21,30,70,0,0,0,2,0
Rony Talukdar (BDESH),2015-2015,1,1,0,21,21,21,22,95.45,0,0,0,0,1
Shoaib Akhtar (PAK),2006-2010,15,6,3,21,8,7,16,131.25,0,0,1,2,1
SJS Smith (SCOT),2010-2012,5,4,1,21,9,7,40,52.5,0,0,1,1,0
RL Bhudia (Kenya),2007-2007,3,3,1,20,11,10,20,100,0,0,1,0,2
JL Denly (ENG),2009-2010,5,5,0,20,14,4,29,68.96,0,0,2,2,0
DL Hemp (Ber),2008-2008,2,2,0,20,20,10,32,62.5,0,0,1,2,1
MJ North (AUS),2009-2009,1,1,0,20,20,20,21,95.23,0,0,0,1,0
S Sreesanth (INDIA),2006-2008,10,3,2,20,19,20,14,142.85,0,0,1,4,0
Fahad Tariq (UAE),2016-2016,6,5,1,19,16,4.75,24,79.16,0,0,2,1,1
HGJM Kulatunga (SL),2008-2008,2,2,0,19,11,9.5,38,50,0,0,0,0,0
CJ McKay (AUS),2010-2013,6,4,2,19,7,9.5,22,86.36,0,0,1,1,1
Muktar Ali (BDESH),2016-2016,1,1,1,19,19,0,15,126.66,0,0,0,1,1
RLB Rambukwella (SL),2013-2016,2,1,0,19,19,19,16,118.75,0,0,0,1,1
SV Samson (INDIA),2015-2015,1,1,0,19,19,19,24,79.16,0,0,0,1,0
RW Chakabva (ZIM),2008-2015,5,5,0,18,13,3.6,40,45,0,0,2,1,0
DT Christian (AUS),2010-2014,15,6,3,18,6,6,15,120,0,0,1,2,0
LHD Dilhara (SL),2008-2008,2,1,1,18,18,0,9,200,0,0,0,0,1
XJ Doherty (AUS),2012-2013,11,4,3,18,9,18,17,105.88,0,0,0,1,0
Khurram Chohan (Can),2010-2010,4,4,2,18,8,9,14,128.57,0,0,0,1,1
SW Masakadza (ZIM),2010-2013,7,5,1,18,9,4.5,24,75,0,0,1,1,0
CT Mutombodzi (ZIM),2013-2016,5,5,1,18,12,4.5,24,75,0,0,1,1,0
Nauman Anwar (PAK),2015-2015,1,1,0,18,18,18,10,180,0,0,0,2,1
Naved-ul-Hasan (PAK),2006-2010,4,2,1,18,17,18,16,112.5,0,0,0,0,2
Raza Hasan (PAK),2012-2014,10,4,4,18,13,0,25,72,0,0,0,2,0
Shafiul Islam (BDESH),2010-2013,11,4,1,18,16,6,24,75,0,0,1,1,1
S Thuraisingam (Can),2008-2008,3,2,1,18,15,18,24,75,0,0,0,1,0
JW Wilson (NZ),2005-2005,1,1,0,18,18,18,14,128.57,0,0,0,2,0
TL Best (WI),2013-2014,6,1,1,17,17,0,9,188.88,0,0,0,0,2
TS Chisoro (ZIM),2015-2016,7,2,1,17,10,17,17,100,0,0,0,1,0
Imran Tahir (SA),2013-2016,27,2,2,17,9,0,11,154.54,0,0,0,1,1
LN Onyango (Kenya),2007-2010,5,4,2,17,5,8.5,21,80.95,0,0,0,0,0
Taskin Ahmed (BDESH),2014-2016,13,3,2,17,15,17,18,94.44,0,0,0,1,1
PVD Chameera (SL),2015-2016,13,7,6,16,9,16,20,80,0,0,1,1,0
CJ Ferguson (AUS),2009-2009,3,3,0,16,8,5.33,19,84.21,0,0,1,1,0
Mehrab Hossain jnr (BDESH),2008-2009,2,2,1,16,10,16,25,64,0,0,0,1,0
M Morkel (SA),2007-2015,39,5,3,16,8,8,13,123.07,0,0,0,2,1
BJ Rohrer (AUS),2013-2013,1,1,0,16,16,16,14,114.28,0,0,0,0,1
EHSN Silva (UAE),2014-2014,2,2,1,16,13,16,22,72.72,0,0,0,1,0
AB Agarkar (INDIA),2006-2007,4,2,0,15,14,7.5,11,136.36,0,0,0,2,0
NW Bracken (AUS),2006-2009,19,6,3,15,4,5,22,68.18,0,0,1,1,0
BE Hendricks (SA),2014-2014,5,2,1,15,12,15,15,100,0,0,0,0,1
E Katchay (Can),2008-2008,4,3,2,15,8,15,25,60,0,0,1,0,0
B Kumar (INDIA),2012-2016,16,4,2,15,9,7.5,15,100,0,0,1,0,0
Mosaddek Hossain (BDESH),2016-2016,1,1,0,15,15,15,19,78.94,0,0,0,1,0
LA Pomersbach (AUS),2007-2007,1,1,0,15,15,15,7,214.28,0,0,0,1,1
RW Price (ZIM),2008-2012,16,9,4,15,7,3,28,53.57,0,0,1,1,0
Shabir Noori (AFG),2012-2012,1,1,0,15,15,15,18,83.33,0,0,0,1,0
J Smits (Neth),2008-2009,6,2,1,15,11,15,27,55.55,0,0,0,0,0
DW Steyn (SA),2007-2016,42,9,4,15,5,3,20,75,0,0,1,1,0
AO Suji (Kenya),2007-2010,8,5,2,15,7,5,29,51.72,0,0,0,0,0
DT Tiripano (ZIM),2016-2016,8,4,2,15,11,7.5,22,68.18,0,0,1,0,1
MK Tiwary (INDIA),2011-2012,3,1,0,15,15,15,17,88.23,0,0,0,0,0
JDF Vandersay (SL),2015-2016,7,5,4,15,8,15,17,88.23,0,0,0,2,0
VB van Jaarsveld (SA),2009-2009,3,3,0,15,12,5,23,65.21,0,0,1,0,0
Abu Hider (BDESH),2016-2016,5,1,0,14,14,14,10,140,0,0,0,1,1
Ahsan Malik (Neth),2012-2016,28,6,4,14,4,7,18,77.77,0,0,1,1,0
SG Borthwick (ENG),2011-2011,1,1,0,14,14,14,16,87.5,0,0,0,2,0
ST Finn (ENG),2011-2015,21,3,3,14,8,0,19,73.68,0,0,0,1,0
MC Henriques (AUS),2009-2016,6,3,0,14,12,4.66,17,82.35,0,0,0,1,0
MJ McClenaghan (NZ),2012-2016,28,7,4,14,6,4.66,15,93.33,0,0,2,1,1
JAH Marshall (NZ),2005-2008,3,2,0,14,13,7,15,93.33,0,0,0,2,0
Najeeb Tarakai (AFG),2014-2014,2,2,0,14,7,7,17,82.35,0,0,0,2,0
GH O'Brien (Ber),2008-2008,3,3,1,14,7,7,16,87.5,0,0,1,0,1
AN Petersen (SA),2010-2010,2,2,0,14,8,7,19,73.68,0,0,0,1,0
VD Philander (SA),2007-2007,7,4,0,14,6,3.5,28,50,0,0,0,0,0
Saqlain Haider (UAE),2016-2016,6,5,1,14,7,3.5,35,40,0,0,0,0,0
VS Wategaonkar (Oman),2016-2016,2,1,0,14,14,14,14,100,0,0,0,1,0
CM Wright (SCOT),2007-2009,3,1,0,14,14,14,18,77.77,0,0,0,0,0
AR Adams (NZ),2005-2006,4,2,1,13,7,13,12,108.33,0,0,0,1,0
Amir Hamza (AFG),2013-2016,19,6,3,13,4,4.33,17,76.47,0,0,1,1,0
C de Grandhomme (NZ),2012-2012,4,4,2,13,8,6.5,17,76.47,0,0,0,1,0
J Edness (Ber),2008-2008,3,3,0,13,9,4.33,28,46.42,0,0,1,0,0
CR Foggo (Ber),2008-2008,3,3,0,13,7,4.33,17,76.47,0,0,1,2,0
SP Gauchan (Nepal),2014-2015,9,5,2,13,6,4.33,43,30.23,0,0,2,0,0
PA Hitchcock (NZ),2008-2008,1,1,0,13,13,13,11,118.18,0,0,0,1,1
SHT Kandamby (SL),2008-2011,5,4,0,13,10,3.25,21,61.9,0,0,1,0,0
SKW Kelly (Ber),2008-2008,3,2,2,13,11,0,24,54.16,0,0,0,0,0
Z Khan (INDIA),2006-2012,17,4,2,13,9,6.5,10,130,0,0,0,0,1
Mohammad Nadeem (Oman),2015-2015,2,2,0,13,7,6.5,12,108.33,0,0,0,1,0
Mohammad Rafique (BDESH),2006-2006,1,1,0,13,13,13,5,260,0,0,0,3,0
CB Mpofu (ZIM),2008-2015,20,5,3,13,6,6.5,12,108.33,0,0,2,0,1
CMW Read (ENG),2006-2006,1,1,0,13,13,13,11,118.18,0,0,0,2,0
Sufyan Mehmood (Oman),2015-2016,2,1,1,13,13,0,32,40.62,0,0,0,2,0
Usman Mushtaq (UAE),2016-2016,3,2,1,13,9,13,24,54.16,0,0,0,1,0
J Anderson (IRE),2015-2015,4,2,0,12,9,6,18,66.66,0,0,0,1,0
HMCM Bandara (SL),2006-2009,4,3,1,12,7,6,15,80,0,0,0,0,0
TA Boult (NZ),2013-2016,11,4,0,12,5,3,22,54.54,0,0,1,0,0
HJH Marshall (NZ),2005-2006,3,3,0,12,8,4,14,85.71,0,0,0,0,0
NV Ojha (INDIA),2010-2010,2,2,0,12,10,6,27,44.44,0,0,0,2,0
KOA Powell (WI),2014-2014,1,1,0,12,12,12,14,85.71,0,0,0,1,0
R Rampaul (WI),2007-2015,23,6,5,12,8,12,21,57.14,0,0,0,0,0
MA Starc (AUS),2012-2016,22,6,2,12,4,3,18,66.66,0,0,0,0,0
Fayyaz Ahmed (UAE),2015-2015,1,1,0,11,11,11,12,91.66,0,0,0,2,0
AJ Hall (SA),2006-2006,2,1,0,11,11,11,10,110,0,0,0,1,0
Inzamam-ul-Haq (PAK),2006-2006,1,1,1,11,11,0,15,73.33,0,0,0,0,1
Khurram Manzoor (PAK),2016-2016,3,3,0,11,10,3.66,27,40.74,0,0,1,1,0
KS Lokuarachchi (SL),2012-2012,2,2,0,11,11,5.5,13,84.61,0,0,1,1,0
WK McCallan (IRE),2008-2009,9,3,2,11,9,11,15,73.33,0,0,1,1,0
AK Mandal (Nepal),2015-2015,2,2,0,11,9,5.5,25,44,0,0,0,0,0
AA Mulla (Can),2008-2008,4,4,0,11,8,2.75,19,57.89,0,0,1,2,0
V Shetty (UAE),2014-2014,2,2,1,11,10,11,13,84.61,0,0,0,1,0
CA Soper (PNG),2015-2016,3,2,2,11,8,0,21,52.38,0,0,0,0,0
SW Tait (AUS),2007-2016,21,6,2,11,6,2.75,15,73.33,0,0,1,0,1
RM West (IRE),2009-2009,5,4,1,11,8,3.66,11,100,0,0,0,1,0
Yasir Shah (PAK),2011-2011,2,1,1,11,11,0,7,157.14,0,0,0,1,0
CS Baugh (WI),2008-2012,3,3,0,10,7,3.33,12,83.33,0,0,0,1,0
FH Edwards (WI),2007-2012,20,4,2,10,7,5,9,111.11,0,0,1,1,0
MJ Henry (NZ),2014-2016,5,2,1,10,10,10,5,200,0,0,0,2,0
S Jyoti (Can),2008-2008,2,2,1,10,10,10,20,50,0,0,1,0,0
RWT Key (ENG),2009-2009,1,1,1,10,10,0,8,125,0,0,0,0,0
HG Kuhn (SA),2009-2011,5,4,2,10,5,5,16,62.5,0,0,0,0,0
M Ntini (SA),2005-2011,10,4,2,10,5,5,11,90.9,0,0,1,2,0
PP Ojha (INDIA),2009-2010,6,1,1,10,10,0,6,166.66,0,0,0,0,1
BA Parchment (WI),2007-2007,1,1,0,10,10,10,6,166.66,0,0,0,1,1
N Pokana (PNG),2016-2016,3,2,1,10,8,10,17,58.82,0,0,0,0,0
P Raho (PNG),2016-2016,2,2,2,10,8,0,6,166.66,0,0,0,0,1
ACL Richards (WI),2007-2007,1,1,0,10,10,10,15,66.66,0,0,0,1,0
MP Stoinis (AUS),2015-2015,1,1,1,10,10,0,8,125,0,0,0,1,0
ZE Surkari (Can),2008-2008,4,3,0,10,6,3.33,33,30.3,0,0,1,0,0
SR Tendulkar (INDIA),2006-2006,1,1,0,10,10,10,12,83.33,0,0,0,2,0
RJ Trott (Ber),2008-2008,3,3,1,10,8,5,24,41.66,0,0,1,0,0
Abul Hasan (BDESH),2012-2012,4,1,0,9,9,9,8,112.5,0,0,0,1,0
Afsar Zazai (AFG),2013-2013,1,1,0,9,9,9,21,42.85,0,0,0,0,0
AC Agar (AUS),2016-2016,2,1,0,9,9,9,8,112.5,0,0,0,0,1
JJ Celestine (Ber),2008-2008,3,3,0,9,7,3,17,52.94,0,0,1,0,0
FRJ Coleman (SCOT),2013-2013,1,1,0,9,9,9,13,69.23,0,0,0,1,0
Elias Sunny (BDESH),2012-2012,7,4,2,9,5,4.5,9,100,0,0,0,1,0
KM Jarvis (ZIM),2011-2013,9,5,2,9,9,3,17,52.94,0,0,3,0,0
R McLaren (SA),2009-2014,12,4,3,9,6,9,13,69.23,0,0,0,0,0
Mohammad Asif (PAK),2006-2010,11,3,3,9,5,0,3,300,0,0,0,2,0
AR Nurse (WI),2011-2015,4,2,1,9,6,9,8,112.5,0,0,0,1,0
JS Patel (NZ),2005-2008,11,4,1,9,5,3,14,64.28,0,0,1,1,0
WKD Perkins (WI),2008-2008,1,1,0,9,9,9,11,81.81,0,0,0,1,0
JB Reva (PNG),2015-2016,3,2,0,9,7,4.5,12,75,0,0,0,0,1
KW Richardson (AUS),2014-2016,3,1,0,9,9,9,7,128.57,0,0,0,0,0
IH Romaine (Ber),2008-2008,2,2,0,9,8,4.5,20,45,0,0,0,0,0
Sikander Zulfiqar (Neth),2016-2016,2,1,1,9,9,0,12,75,0,0,0,0,0
TP Visee (Neth),2015-2015,2,2,0,9,5,4.5,14,64.28,0,0,0,1,0
CAK Walton (WI),2014-2016,3,3,0,9,9,3,12,75,0,0,2,0,1
AM Blignaut (ZIM),2010-2010,1,1,0,8,8,8,8,100,0,0,0,1,0
GH Bodi (SA),2007-2007,1,1,0,8,8,8,25,32,0,0,0,0,0
TL Chatara (ZIM),2010-2016,11,1,0,8,8,8,7,114.28,0,0,0,1,0
AS Dean (Can),2008-2013,2,2,0,8,7,4,10,80,0,0,0,0,0
B Fernando (SL),2015-2015,2,1,1,8,8,0,12,66.66,0,0,0,1,0
HMRKB Herath (SL),2011-2016,17,6,3,8,3,2.66,12,66.66,0,0,0,0,0
S Randiv (SL),2010-2011,7,2,0,8,6,4,6,133.33,0,0,0,1,0
BAW Mendis (SL),2008-2014,39,8,5,8,4,2.66,17,47.05,0,0,0,1,0
Mustafizur Rahman (BDESH),2015-2016,13,5,1,8,6,2,11,72.72,0,0,2,0,1
SS Pathirana (SL),2016-2016,2,2,0,8,6,4,7,114.28,0,0,0,1,0
Rubel Hossain (BDESH),2009-2014,11,4,3,8,8,8,13,61.53,0,0,1,1,0
Shahadat Hossain (BDESH),2006-2013,6,5,3,8,4,4,12,66.66,0,0,1,0,0
I Sharma (INDIA),2008-2013,14,3,2,8,5,8,9,88.88,0,0,1,1,0
BV Vitori (ZIM),2012-2016,11,2,2,8,7,0,7,114.28,0,0,0,0,0
Al-Amin Hossain (BDESH),2013-2016,25,5,3,7,5,3.5,12,58.33,0,0,1,1,0
RP Arnold (SL),2006-2006,1,1,0,7,7,7,7,100,0,0,0,0,0
NB Budayair (Nepal),2014-2014,4,3,1,7,5,3.5,19,36.84,0,0,1,0,0
MA Carberry (ENG),2014-2014,1,1,0,7,7,7,7,100,0,0,0,1,0
P Kumar (INDIA),2008-2012,10,3,0,7,6,2.33,16,43.75,0,0,1,0,0
ND McKenzie (SA),2006-2009,2,1,1,7,7,0,8,87.5,0,0,0,0,0
HM Nicholls (NZ),2016-2016,1,1,0,7,7,7,11,63.63,0,0,0,1,0
Qadeer Ahmed (UAE),2015-2016,8,4,3,7,5,7,12,58.33,0,0,1,1,0
GA Rogers (SCOT),2008-2009,2,2,2,7,6,0,8,87.5,0,0,0,0,0
E Schiferli (Neth),2008-2010,7,3,1,7,5,3.5,16,43.75,0,0,1,0,0
JN Snape (ENG),2007-2007,1,1,0,7,7,7,11,63.63,0,0,0,0,0
Syed Rasel (BDESH),2007-2008,8,3,1,7,6,3.5,9,77.77,0,0,0,1,0
LV van Beek (Neth),2014-2016,8,4,1,7,4,2.33,15,46.66,0,0,0,0,0
A Zampa (AUS),2016-2016,8,2,2,7,5,0,6,116.66,0,0,0,0,0
D Bishoo (WI),2011-2015,5,2,1,6,6,6,6,100,0,0,1,1,0
DG Brownlie (NZ),2010-2014,5,5,0,6,5,1.2,18,33.33,0,0,3,1,0
RMS Eranga (SL),2012-2013,3,1,0,6,6,6,7,85.71,0,0,0,1,0
NM Hauritz (AUS),2009-2009,3,2,0,6,4,3,10,60,0,0,0,1,0
PJ Hughes (AUS),2014-2014,1,1,0,6,6,6,8,75,0,0,0,1,0
Javed Ahmadi (AFG),2012-2012,2,1,0,6,6,6,5,120,0,0,0,1,0
KO Meth (ZIM),2012-2012,2,1,1,6,6,0,6,100,0,0,0,0,0
AM Phangiso (SA),2012-2016,11,2,0,6,4,3,10,60,0,0,0,0,0
JA Rudolph (SA),2006-2006,1,1,1,6,6,0,7,85.71,0,0,0,0,0
R Strydom (IRE),2008-2008,4,2,1,6,5,6,7,85.71,0,0,0,0,0
SA Abbott (AUS),2014-2014,3,1,0,5,5,5,8,62.5,0,0,0,1,0
M Ansari (Oman),2015-2016,11,4,4,5,3,0,10,50,0,0,0,0,0
MS Atapattu (SL),2006-2006,2,1,0,5,5,5,8,62.5,0,0,0,0,0
IG Butler (NZ),2009-2013,19,6,5,5,2,5,10,50,0,0,0,0,0
N Dickwella (SL),2016-2016,3,2,0,5,4,2.5,5,100,0,0,0,1,0
Karan KC (Nepal),2015-2015,5,4,2,5,2,2.5,16,31.25,0,0,1,0,0
GD McGrath (AUS),2005-2005,2,1,0,5,5,5,12,41.66,0,0,0,0,0
CS Martin (NZ),2007-2008,6,1,1,5,5,0,6,83.33,0,0,0,0,0
Mohammad Salman (PAK),2011-2011,1,1,0,5,5,5,6,83.33,0,0,0,0,0
T Mupariwa (ZIM),2007-2008,4,2,2,5,3,0,3,166.66,0,0,0,0,0
N M'shangwe (ZIM),2013-2014,5,2,1,5,5,5,4,125,0,0,1,1,0
JL Pattinson (AUS),2011-2012,4,2,2,5,5,0,3,166.66,0,0,0,1,0
LE Plunkett (ENG),2006-2016,9,3,1,5,4,2.5,6,83.33,0,0,0,0,0
AG Prince (SA),2005-2005,1,1,0,5,5,5,6,83.33,0,0,0,0,0
K Rabada (SA),2014-2016,16,2,2,5,5,0,6,83.33,0,0,0,0,0
RJ Ranpura (Oman),2015-2016,3,2,2,5,5,0,8,62.5,0,0,0,0,0
RJ Sidebottom (ENG),2007-2010,18,1,1,5,5,0,4,125,0,0,0,1,0
R Telemachus (SA),2006-2007,3,1,1,5,5,0,3,166.66,0,0,0,0,0
DR Tuffey (NZ),2005-2010,3,2,1,5,5,5,5,100,0,0,1,1,0
GJ Batty (ENG),2009-2009,1,1,0,4,4,4,7,57.14,0,0,0,0,0
JAR Blain (SCOT),2007-2008,6,3,1,4,3,2,5,80,0,0,1,0,0
CJ Boyce (AUS),2014-2016,7,2,1,4,3,4,7,57.14,0,0,0,0,0
NM Carter (SCOT),2013-2013,7,2,0,4,3,2,12,33.33,0,0,0,0,0
PC Connell (IRE),2008-2010,9,3,2,4,3,4,7,57.14,0,0,1,0,0
PA Desai (Can),2012-2012,1,1,1,4,4,0,7,57.14,0,0,0,0,0
Farhan Ahmed (UAE),2016-2016,3,1,0,4,4,4,8,50,0,0,0,0,0
DAS Gunaratne (SL),2016-2016,1,1,0,4,4,4,12,33.33,0,0,0,0,0
A Karn (Nepal),2015-2015,2,1,0,4,4,4,7,57.14,0,0,0,0,0
CK Langeveldt (SA),2005-2010,9,3,2,4,2,4,8,50,0,0,0,0,0
RT Lyons (SCOT),2010-2010,2,2,0,4,4,2,17,23.52,0,0,1,0,0
GE Mathurin (WI),2011-2012,3,2,2,4,3,0,5,80,0,0,0,0,0
Mohammad Irfan (PAK),2012-2016,20,4,4,4,2,0,8,50,0,0,0,0,0
Mohammad Tauqir (UAE),2015-2015,3,2,1,4,4,4,6,66.66,0,0,0,1,0
JM Muirhead (AUS),2014-2014,5,2,1,4,3,4,8,50,0,0,0,0,0
Nazmus Sadat (BDESH),2006-2006,1,1,0,4,4,4,3,133.33,0,0,0,0,0
JO Ngoche (Kenya),2012-2013,7,3,1,4,2,2,17,23.52,0,0,0,0,0
AK Perera (SL),2013-2014,2,1,0,4,4,4,8,50,0,0,0,0,0
NJ Reardon (AUS),2014-2014,2,1,0,4,4,4,8,50,0,0,0,0,0
SP Terry (IRE),2016-2016,1,1,0,4,4,4,6,66.66,0,0,0,0,0
T Thushara (SL),2008-2010,6,2,0,4,3,2,8,50,0,0,0,0,0
L Tucker (IRE),2016-2016,1,1,0,4,4,4,9,44.44,0,0,0,0,0
AJ Tye (AUS),2016-2016,3,2,1,4,4,4,4,100,0,0,0,1,0
MC Bascombe (WI),2011-2011,1,1,0,3,3,3,7,42.85,0,0,0,0,0
CL Cairns (NZ),2005-2006,2,2,0,3,2,1.5,13,23.07,0,0,0,0,0
Fawad Ahmed (AUS),2013-2013,2,1,1,3,3,0,5,60,0,0,0,0,0
AM Guruge (UAE),2014-2015,5,3,2,3,1,3,8,37.5,0,0,0,0,0
Junaid Khan (PAK),2011-2014,9,2,2,3,3,0,4,75,0,0,0,0,0
MS Kasprowicz (AUS),2005-2005,2,1,1,3,3,0,5,60,0,0,0,0,0
GJP Kruger (SA),2006-2006,1,1,0,3,3,3,5,60,0,0,0,0,0
Nazmul Hossain (BDESH),2009-2012,4,2,2,3,3,0,15,20,0,0,0,0,0
CAK Rajitha (SL),2016-2016,3,2,2,3,3,0,12,25,0,0,0,0,0
KAJ Roach (WI),2008-2012,11,1,1,3,3,0,2,150,0,0,0,0,0
MM Sharma (INDIA),2014-2015,8,2,2,3,3,0,7,42.85,0,0,0,0,0
RP Singh (INDIA),2007-2009,10,2,2,3,2,0,3,100,0,0,0,0,0
PA van Meekeren (Neth),2013-2016,15,2,0,3,3,1.5,8,37.5,0,0,1,0,0
Zahid Hussain (Can),2012-2012,3,2,2,3,2,0,8,37.5,0,0,0,0,0
KMC Bandara (SL),2016-2016,1,1,1,2,2,0,4,50,0,0,0,0,0
OO Bascome (Ber),2008-2008,1,1,0,2,2,2,6,33.33,0,0,0,0,0
A Bhattarai (Nepal),2014-2014,1,1,0,2,2,2,3,66.66,0,0,0,0,0
JP Bray (IRE),2009-2009,2,2,0,2,2,1,17,11.76,0,0,1,0,0
GB Brent (ZIM),2006-2007,3,1,0,2,2,2,5,40,0,0,0,0,0
Dawlat Ahmadzai (AFG),2010-2010,2,1,1,2,2,0,3,66.66,0,0,0,0,0
JOA Gordon (Can),2013-2013,2,1,1,2,2,0,4,50,0,0,0,0,0
RJ Harris (AUS),2010-2010,3,1,1,2,2,0,1,200,0,0,0,0,0
BW Hilfenhaus (AUS),2007-2012,7,3,1,2,2,1,10,20,0,0,1,0,0
H Hiri (PNG),2016-2016,2,2,0,2,1,1,5,40,0,0,0,0,0
JO Holder (WI),2014-2015,4,1,0,2,2,2,4,50,0,0,0,0,0
AJ Ireland (ZIM),2006-2006,1,1,1,2,2,0,3,66.66,0,0,0,0,0
A Khan (ENG),2009-2009,1,1,0,2,2,2,4,50,0,0,0,0,0
RJ Kirtley (ENG),2007-2007,1,1,1,2,2,0,4,50,0,0,0,0,0
RAS Lakmal (SL),2011-2016,8,4,2,2,1,1,4,50,0,0,1,0,0
MJ Mason (NZ),2006-2008,3,1,0,2,2,2,2,100,0,0,0,0,0
Najeeb Amar (HK),2014-2014,1,1,0,2,2,2,9,22.22,0,0,0,0,0
L Nou (PNG),2015-2015,3,1,1,2,2,0,3,66.66,0,0,0,0,0
Shahid Wasif (HK),2016-2016,1,1,1,2,2,0,4,50,0,0,0,0,0
JNK Shannon (IRE),2013-2016,2,2,0,2,2,1,7,28.57,0,0,1,0,0
LL Tsotsobe (SA),2009-2014,23,3,2,2,1,2,10,20,0,0,0,0,0
I Udana (SL),2009-2016,7,3,1,2,1,1,9,22.22,0,0,1,0,0
Usman Khan (PAK),2013-2013,2,1,1,2,2,0,3,66.66,0,0,0,0,0
R Vinay Kumar (INDIA),2010-2013,9,1,1,2,2,0,4,50,0,0,0,0,0
UWMBCA Welegedara (SL),2010-2010,2,1,1,2,2,0,3,66.66,0,0,0,0,0
BTJ Wheal (SCOT),2016-2016,2,1,1,2,2,0,2,100,0,0,0,0,0
CA Young (IRE),2015-2016,11,2,2,2,2,0,5,40,0,0,0,0,0
Zaheer Maqsood (UAE),2015-2016,3,1,0,2,2,2,5,40,0,0,0,0,0
Aftab Alam (AFG),2012-2015,6,2,2,1,1,0,4,25,0,0,0,0,0
JM Anderson (ENG),2007-2009,19,4,3,1,1,1,2,50,0,0,1,0,0
TD Astle (NZ),2016-2016,2,1,0,1,1,1,5,20,0,0,0,0,0
DE Bernard (WI),2009-2009,1,1,1,1,1,0,1,100,0,0,0,0,0
Bilal Khan (Oman),2015-2016,12,3,2,1,1,1,3,33.33,0,0,1,0,0
DE Bollinger (AUS),2011-2014,9,2,2,1,1,0,1,100,0,0,0,0,0
DR Brown (SCOT),2007-2007,2,1,0,1,1,1,5,20,0,0,0,0,0
CD de Lange (SCOT),2015-2016,4,1,0,1,1,1,2,50,0,0,0,0,0
R Dhawan (INDIA),2016-2016,1,1,1,1,1,0,2,50,0,0,0,0,0
Dhiman Ghosh (BDESH),2008-2008,1,1,0,1,1,1,2,50,0,0,0,0,0
HH Dippenaar (SA),2006-2006,1,1,0,1,1,1,5,20,0,0,0,0,0
AC Evans (SCOT),2015-2016,11,4,1,1,1,0.33,8,12.5,0,0,3,0,0
Hashmatullah Shahidi (AFG),2013-2013,1,1,1,1,1,0,1,100,0,0,0,0,0
JS Jesani (Kenya),2007-2007,1,1,0,1,1,1,5,20,0,0,0,0,0
MBS Jonkman (Neth),2010-2010,3,1,0,1,1,1,8,12.5,0,0,0,0,0
GE Kidd (IRE),2010-2010,1,1,1,1,1,0,1,100,0,0,0,0,0
VJ Kingma (Neth),2016-2016,1,1,0,1,1,1,4,25,0,0,0,0,0
DS Kulkarni (INDIA),2016-2016,2,1,1,1,1,0,1,100,0,0,0,0,0
J Lewis (ENG),2005-2007,2,2,1,1,1,1,4,25,0,0,0,0,0
J Louw (SA),2008-2009,2,1,1,1,1,0,1,100,0,0,0,0,0
SI Mahmood (ENG),2006-2009,4,2,2,1,1,0,2,50,0,0,0,0,0
RD McCann (IRE),2012-2012,3,1,0,1,1,1,2,50,0,0,0,0,0
J Mulder (IRE),2016-2016,1,1,0,1,1,1,5,20,0,0,0,0,0
M Muralitharan (SL),2006-2010,12,2,0,1,1,0.5,5,20,0,0,1,0,0
M Nasim Baras (AFG),2015-2015,3,1,0,1,1,1,2,50,0,0,0,0,0
ML Nkala (ZIM),2006-2006,1,1,0,1,1,1,3,33.33,0,0,0,0,0
MS Panesar (ENG),2007-2007,1,1,0,1,1,1,2,50,0,0,0,0,0
SD Parry (ENG),2014-2015,5,1,0,1,1,1,1,100,0,0,0,0,0
MDK Perera (SL),2011-2011,3,2,0,1,1,0.5,6,16.66,0,0,1,0,0
DBL Powell (WI),2007-2007,5,1,1,1,1,0,1,100,0,0,0,0,0
EC Rainsford (ZIM),2010-2010,2,1,1,1,1,0,2,50,0,0,0,0,0
Sandeep Sharma (INDIA),2015-2015,2,1,1,1,1,0,1,100,0,0,0,0,0
Sayed Shirzad (AFG),2015-2016,3,1,0,1,1,1,2,50,0,0,0,0,0
PM Siddle (AUS),2009-2010,2,1,1,1,1,0,1,100,0,0,0,0,0
Suhrawadi Shuvo (BDESH),2010-2010,1,1,1,1,1,0,3,33.33,0,0,0,0,0
EP Thompson (NZ),2008-2008,1,1,1,1,1,0,1,100,0,0,0,0,0
RJW Topley (ENG),2015-2016,6,1,1,1,1,0,2,50,0,0,0,0,0
TE Tucker (Ber),2008-2008,1,1,0,1,1,1,5,20,0,0,0,0,0
I Wardlaw (SCOT),2013-2013,4,1,0,1,1,1,3,33.33,0,0,0,0,0
G Wijekoon (SL),2007-2007,3,2,1,1,1,1,5,20,0,0,1,0,0
Yamin Ahmadzai (AFG),2015-2015,2,1,1,1,1,0,1,100,0,0,0,0,0
Aizaz Cheema (PAK),2011-2012,5,1,1,0,0,0,3,0,0,0,0,0,0
MS Aulakh (Can),2012-2013,3,1,0,0,0,0,2,0,0,0,1,0,0
CT Bancroft (AUS),2016-2016,1,1,1,0,0,0,0,0,0,0,0,0,0
IDR Bradshaw (WI),2006-2006,1,1,1,0,0,0,0,0,0,0,0,0,0
DR Briggs (ENG),2012-2014,7,1,1,0,0,0,0,0,0,0,0,0,0
JJ Bumrah (INDIA),2016-2016,21,2,1,0,0,0,2,0,0,0,1,0,0
AF Buurman (Neth),2010-2010,4,2,0,0,0,0,4,0,0,0,2,0,0
PP Chawla (INDIA),2010-2012,7,1,0,0,0,0,1,0,0,0,1,0,0
DO Christian (WI),2011-2011,2,1,0,0,0,0,2,0,0,0,1,0,0
SS Cottrell (WI),2014-2015,6,1,0,0,0,0,1,0,0,0,1,0,0
A Dananjaya (SL),2012-2013,5,1,1,0,0,0,0,0,0,0,0,0,0
N Pradeep (SL),2016-2016,1,1,0,0,0,0,1,0,0,0,1,0,0
SM Harwood (AUS),2007-2009,3,1,1,0,0,0,0,0,0,0,0,0,0
T Henderson (SA),2006-2006,1,1,0,0,0,0,2,0,0,0,1,0,0
KC Hodsoll (Ber),2008-2008,1,1,0,0,0,0,1,0,0,0,1,0,0
Iftikhar Ahmed (PAK),2016-2016,1,1,1,0,0,0,0,0,0,0,0,0,0
Imran Khan (1) (PAK),2015-2015,3,1,0,0,0,0,1,0,0,0,1,0,0
Izatullah Dawlatzai (AFG),2012-2012,4,1,1,0,0,0,3,0,0,0,0,0,0
S Keshvani (Can),2010-2010,2,1,1,0,0,0,1,0,0,0,0,0,0
RN Lewis (WI),2008-2008,1,1,0,0,0,0,4,0,0,0,1,0,0
J Little (IRE),2016-2016,1,1,0,0,0,0,3,0,0,0,1,0,0
AJ McKay (NZ),2010-2010,2,1,0,0,0,0,1,0,0,0,1,0,0
GI Maiden (SCOT),2008-2008,3,1,0,0,0,0,1,0,0,0,1,0,0
A Mehmood (HK),2016-2016,2,1,1,0,0,0,1,0,0,0,0,0,0
Mohammad Kashif (Neth),2010-2010,3,1,1,0,0,0,0,0,0,0,0,0,0
Mohammad Qazi (Can),2008-2008,1,1,0,0,0,0,1,0,0,0,1,0,0
HJC Mol (Neth),2008-2008,4,1,0,0,0,0,1,0,0,0,1,0,0
JK Mukhiya (Nepal),2014-2015,4,1,1,0,0,0,0,0,0,0,0,0,0
T Muzarabani (ZIM),2015-2016,9,1,1,0,0,0,2,0,0,0,0,0,0
A Nel (SA),2005-2007,2,1,1,0,0,0,2,0,0,0,0,0,0
AA Noffke (AUS),2007-2008,2,1,0,0,0,0,0,0,0,0,1,0,0
MM Patel (INDIA),2011-2011,3,1,0,0,0,0,1,0,0,0,1,0,0
PDRL Perera (SL),2006-2006,2,2,2,0,0,0,0,0,0,0,0,0,0
DM Richards (WI),2009-2009,1,1,0,0,0,0,1,0,0,0,1,0,0
K Santokie (WI),2011-2014,12,1,1,0,0,0,0,0,0,0,0,0,0
A Shahzad (ENG),2010-2011,3,1,1,0,0,0,3,0,0,0,0,0,0
Shakeel Ansar (PAK),2012-2012,2,1,0,0,0,0,1,0,0,0,1,0,0
MS Sinclair (NZ),2005-2007,2,2,0,0,0,0,5,0,0,0,2,0,0
IS Sodhi (NZ),2014-2016,10,1,1,0,0,0,0,0,0,0,0,0,0
Tanveer Ahmed (HK),2016-2016,2,1,0,0,0,0,2,0,0,0,1,0,0
M Zondeki (SA),2006-2006,1,1,0,0,0,0,1,0,0,0,1,0,0
